name,algoritmo,modelo,modalidad,n,k,target_cardinality,cardinality_pred,Execution_Time,ARI,AMI,NMI,Silhouette_mean,Error_Card_Pct
orl,K-MeansACO,CLIP,imagen,400,40,10 10 10 10 10 10 10 10 10 10 10 10 10 10 10 10 10 10 10 10 10 10 10 10 10 10 10 10 10 10 10 10 10 10 10 10 10 10 10 10,10 10 10 10 10 10 10 10 10 10 10 10 10 10 10 10 10 10 10 10 10 10 10 10 10 10 10 10 10 10 10 10 10 10 10 10 10 10 10 10,11.162873000001127,0.6339658119658119,0.7163658196177491,0.8334235388586314,0.2547932428237118,0.0
semeion,K-MeansACO,CLIP,imagen,1593,10,161 162 159 159 161 159 161 158 155 158,161 162 159 159 161 159 161 158 155 158,55.18007969999599,0.1671736939936318,0.2347814705171574,0.2433440786718771,0.042428547465541,0.0
retinamnist,K-MeansACO,CLIP,imagen,1600,5,714 186 326 282 92,714 186 326 282 92,53.57201009999699,0.0441451510128123,0.0685575576925338,0.0719075025842319,0.0621862881092466,0.0
digits,K-MeansACO,CLIP,imagen,1797,10,178 182 177 183 181 182 181 179 174 180,178 182 177 183 181 182 181 179 174 180,60.878604300000006,0.2508167712284766,0.3249910538023831,0.3316762758676671,0.0981945004308227,0.0
dermamnist,K-MeansACO,CLIP,imagen,2005,7,66 103 220 23 223 1341 29,66 103 220 23 223 1341 29,73.31446639999922,0.0140161231930005,0.0045916470173596,0.0129387801343655,-0.0536182724148629,0.0
lfw,K-MeansACO,CLIP,imagen,2370,34,39 35 36 77 42 236 31 121 530 109 44 30 39 71 52 55 42 53 31 60 32 41 41 48 33 37 30 32 52 33 33 144 32 49,39 35 36 77 42 236 31 121 530 109 44 30 39 71 52 55 42 53 31 60 32 41 41 48 33 37 30 32 52 33 33 144 32 49,98.49065469999914,0.1666593965150394,0.4423039880907555,0.4875054807992502,-0.0400512291539892,0.0
bloodmnist,K-MeansACO,CLIP,imagen,3421,8,244 624 311 579 243 284 666 470,244 624 311 579 243 284 666 470,148.25819270000648,0.0942525831654335,0.1517514287452996,0.1548011894953032,0.0575349757090919,0.0
stl10,K-MeansACO,CLIP,imagen,5000,10,500 500 500 500 500 500 500 500 500 500,500 500 500 500 500 500 500 500 500 500,254.7870916000029,0.8605026322867958,0.8882629895978367,0.8886576689113568,0.2142670214374959,0.0
pathmnist,K-MeansACO,CLIP,imagen,7180,9,1338 847 339 634 1035 592 741 421 1233,1338 847 339 634 1035 592 741 421 1233,460.2723826000001,0.3047234763300593,0.3603650889995299,0.3617196431078782,0.0752678972218608,0.0
oxfordpet,K-MeansACO,CLIP,imagen,7349,37,198 200 200 200 200 200 200 184 199 200 200 190 196 200 200 200 200 200 199 200 200 200 196 200 200 200 200 200 200 200 199 200 199 200 189 200 200,198 200 200 200 200 200 200 184 199 200 200 190 196 200 200 200 200 200 199 200 200 200 196 200 200 200 200 200 200 200 199 200 199 200 189 200 200,562.538796300003,0.3402883740115081,0.5667960287791828,0.5778369096656115,0.0343318688025769,0.0
organcmnist,K-MeansACO,CLIP,imagen,8216,11,828 431 421 421 727 735 1835 549 557 750 962,828 431 421 421 727 735 1835 549 557 750 962,582.8298794000002,0.0884909031638975,0.1879111390078873,0.1900797643379695,0.0050490408164885,0.0
organsmnist,K-MeansACO,CLIP,imagen,8827,11,811 439 445 510 704 693 2078 397 439 1343 968,811 439 445 510 704 693 2078 397 439 1343 968,702.4310758999927,0.0913836248659411,0.1911276708610116,0.1931794148641064,0.0247617661103598,0.0
usps,K-MeansACO,CLIP,imagen,9298,10,1553 1269 929 824 852 716 834 792 708 821,1553 1269 929 824 852 716 834 792 708 821,738.6286017999955,0.3316441141417336,0.4499874269064046,0.4510460955889013,0.1423078827156051,0.0
cifar100,K-MeansACO,CLIP,imagen,9998,20,499 500 500 500 500 500 500 500 500 500 500 500 500 500 499 500 500 500 500 500,499 500 500 500 500 500 500 500 500 500 500 500 500 500 499 500 500 500 500 500,853.4635349000018,0.2773880895041239,0.4126442928322398,0.416211001143258,0.0174861618951172,0.0
cifar10,K-MeansACO,CLIP,imagen,10000,10,1000 1000 1000 1000 1000 1000 1000 1000 1000 1000,1000 1000 1000 1000 1000 1000 1000 1000 1000 1000,822.8710855999961,0.5605208736736736,0.6201038297314844,0.620773385171792,0.1354174302238441,0.0
fashionmnist,K-MeansACO,CLIP,imagen,10000,10,1000 1000 1000 1000 1000 1000 1000 1000 1000 1000,1000 1000 1000 1000 1000 1000 1000 1000 1000 1000,808.9430311999895,0.4654054834834835,0.5603750332475772,0.5611498588742113,0.1929681483322853,0.0
mnist,K-MeansACO,CLIP,imagen,10000,10,980 1135 1032 1010 982 892 958 1028 974 1009,980 1135 1032 1010 982 892 958 1028 974 1009,823.8592345999932,0.3243342076567516,0.3890798922291105,0.3901574485492765,0.1005814610546174,0.0
orl,K-MeansBA,CLIP,imagen,400,40,10 10 10 10 10 10 10 10 10 10 10 10 10 10 10 10 10 10 10 10 10 10 10 10 10 10 10 10 10 10 10 10 10 10 10 10 10 10 10 10,10 10 10 10 10 10 10 10 10 10 10 10 10 10 10 10 10 10 10 10 10 10 10 10 10 10 10 10 10 10 10 10 10 10 10 10 10 10 10 10,6.98763300000428,0.6413547008547008,0.721934225013897,0.8366938261838076,0.2350860471535541,0.0
semeion,K-MeansBA,CLIP,imagen,1593,10,161 162 159 159 161 159 161 158 155 158,161 162 159 159 161 159 161 158 155 158,29.939621600002283,0.1666277458341842,0.2448007555590871,0.253251250365137,0.0109541232887935,0.0
retinamnist,K-MeansBA,CLIP,imagen,1600,5,714 186 326 282 92,714 186 326 282 92,26.107382100002724,-0.0112219795594429,0.0190464406418907,0.022574452911789,0.0184222157133437,0.0
digits,K-MeansBA,CLIP,imagen,1797,10,178 182 177 183 181 182 181 179 174 180,178 182 177 183 181 182 181 179 174 180,31.54385619999812,0.2482029071639805,0.3313487695610039,0.3379710254361155,0.0742677466377656,0.0
dermamnist,K-MeansBA,CLIP,imagen,2005,7,66 103 220 23 223 1341 29,66 103 220 23 223 1341 29,46.99070890000439,-0.0276403324668318,0.004191945774896,0.0125424306414305,-0.0062064997292299,0.0
lfw,K-MeansBA,CLIP,imagen,2370,34,39 35 36 77 42 236 31 121 530 109 44 30 39 71 52 55 42 53 31 60 32 41 41 48 33 37 30 32 52 33 33 144 32 49,39 35 36 77 42 236 31 121 530 109 44 30 39 71 52 55 42 53 31 60 32 41 41 48 33 37 30 32 52 33 33 144 32 49,72.15258480000193,0.1385974873816881,0.4564401065264018,0.500495860981887,-0.0609792480521934,0.0
bloodmnist,K-MeansBA,CLIP,imagen,3421,8,244 624 311 579 243 284 666 470,244 624 311 579 243 284 666 470,85.96662820000347,0.0860771050248289,0.137937023977834,0.141036452514937,0.027566888596556,0.0
stl10,K-MeansBA,CLIP,imagen,5000,10,500 500 500 500 500 500 500 500 500 500,500 500 500 500 500 500 500 500 500 500,141.39460079999844,0.9292147833444668,0.9254229746203072,0.9256863968210204,0.2303632768032213,0.0
pathmnist,K-MeansBA,CLIP,imagen,7180,9,1338 847 339 634 1035 592 741 421 1233,1338 847 339 634 1035 592 741 421 1233,282.6298448000016,0.2687069197818991,0.337581519489214,0.3389843223362604,-0.0053619243331302,0.0
oxfordpet,K-MeansBA,CLIP,imagen,7349,37,198 200 200 200 200 200 200 184 199 200 200 190 196 200 200 200 200 200 199 200 200 200 196 200 200 200 200 200 200 200 199 200 199 200 189 200 200,198 200 200 200 200 200 200 184 199 200 200 190 196 200 200 200 200 200 199 200 200 200 196 200 200 200 200 200 200 200 199 200 199 200 189 200 200,395.09046610000223,0.3146871851424939,0.5413799011507372,0.5530685518093338,0.0289347781938091,0.0
organcmnist,K-MeansBA,CLIP,imagen,8216,11,828 431 421 421 727 735 1835 549 557 750 962,828 431 421 421 727 735 1835 549 557 750 962,374.68590470000345,0.1045423369188288,0.2149161359976369,0.217012646411084,0.013394655096633,0.0
organsmnist,K-MeansBA,CLIP,imagen,8827,11,811 439 445 510 704 693 2078 397 439 1343 968,811 439 445 510 704 693 2078 397 439 1343 968,461.50963099999353,-0.0008352462245039,-0.0002345707390764,0.0023025728969118,-0.012510317857153,0.0
usps,K-MeansBA,CLIP,imagen,9298,10,1553 1269 929 824 852 716 834 792 708 821,1553 1269 929 824 852 716 834 792 708 821,468.3571817999909,0.3593007154127974,0.4713304605043734,0.4723480479418859,0.1431431086536705,0.0
cifar100,K-MeansBA,CLIP,imagen,9998,20,499 500 500 500 500 500 500 500 500 500 500 500 500 500 499 500 500 500 500 500,499 500 500 500 500 500 500 500 500 500 500 500 500 500 499 500 500 500 500 500,584.337598099999,0.2806794472208436,0.4236037921366983,0.4271039490602407,0.0282979911539886,0.0
cifar10,K-MeansBA,CLIP,imagen,10000,10,1000 1000 1000 1000 1000 1000 1000 1000 1000 1000,1000 1000 1000 1000 1000 1000 1000 1000 1000 1000,523.1777020000009,0.5607010358358359,0.61951634738986,0.6201869382499183,0.1375704763554591,0.0
fashionmnist,K-MeansBA,CLIP,imagen,10000,10,1000 1000 1000 1000 1000 1000 1000 1000 1000 1000,1000 1000 1000 1000 1000 1000 1000 1000 1000 1000,510.6748850000004,0.4548953567567567,0.5609496654484059,0.5617234783032713,0.1848047127407365,0.0
mnist,K-MeansBA,CLIP,imagen,10000,10,980 1135 1032 1010 982 892 958 1028 974 1009,980 1135 1032 1010 982 892 958 1028 974 1009,528.5945204000018,0.3689409997230666,0.4431780913531151,0.4441602279029475,0.142065993793795,0.0
bloodmnist,CSCLP,CLIP,imagen,3421,8,244 624 311 579 243 284 666 470,244 624 311 579 243 284 666 470,11.316393099999914,0.158484117506942,0.2329549805756797,0.2357127851544317,0.1162865609303476,0.0
cifar10,CSCLP,CLIP,imagen,10000,10,1000 1000 1000 1000 1000 1000 1000 1000 1000 1000,1000 1000 1000 1000 1000 1000 1000 1000 1000 1000,121.74638819999927,0.6593213585585586,0.7094079577871525,0.7099201174191809,0.1573434541282772,0.0
cifar100,CSCLP,CLIP,imagen,9998,20,499 500 500 500 500 500 500 500 500 500 500 500 500 500 499 500 500 500 500 500,499 500 500 500 500 500 500 500 500 500 500 500 500 500 499 500 500 500 500 500,79.15208180000081,0.2377487310917207,0.4073399950221358,0.4109389135983349,0.0339855087198056,0.0
dermamnist,CSCLP,CLIP,imagen,2005,7,66 103 220 23 223 1341 29,66 103 220 23 223 1341 29,1.1509698999998363,-0.1008824084444349,0.044681851892817,0.0526928031043961,-0.0511901323134865,0.0
digits,CSCLP,CLIP,imagen,1797,10,178 182 177 183 181 182 181 179 174 180,178 182 177 183 181 182 181 179 174 180,1.587180200000148,0.3076994320606059,0.4059228941318109,0.4118065752281906,0.103718054831257,0.0
fashionmnist,CSCLP,CLIP,imagen,10000,10,1000 1000 1000 1000 1000 1000 1000 1000 1000 1000,1000 1000 1000 1000 1000 1000 1000 1000 1000 1000,47.12133870000071,0.4031903731731732,0.5190286483989323,0.5198763457707406,0.1558152437747056,0.0
lfw,CSCLP,CLIP,imagen,2370,34,39 35 36 77 42 236 31 121 530 109 44 30 39 71 52 55 42 53 31 60 32 41 41 48 33 37 30 32 52 33 33 144 32 49,39 35 36 77 42 236 31 121 530 109 44 30 39 71 52 55 42 53 31 60 32 41 41 48 33 37 30 32 52 33 33 144 32 49,10.282375200000388,0.1132506075924535,0.4575375402392543,0.5015043472378629,-0.0209537481082603,0.0
mnist,CSCLP,CLIP,imagen,10000,10,980 1135 1032 1010 982 892 958 1028 974 1009,980 1135 1032 1010 982 892 958 1028 974 1009,48.83602149999933,0.409300085485843,0.4819377941204152,0.4828515653272946,0.1646869448093131,0.0
organcmnist,CSCLP,CLIP,imagen,8216,11,828 431 421 421 727 735 1835 549 557 750 962,828 431 421 421 727 735 1835 549 557 750 962,30.00791290000052,0.1090391980920697,0.2359527622882808,0.2379930958929762,0.0426754293473787,0.0
organsmnist,CSCLP,CLIP,imagen,8827,11,811 439 445 510 704 693 2078 397 439 1343 968,811 439 445 510 704 693 2078 397 439 1343 968,36.8298158000016,0.1298758369370243,0.2281675002071398,0.2301252908816327,0.066373202227575,0.0
orl,CSCLP,CLIP,imagen,400,40,10 10 10 10 10 10 10 10 10 10 10 10 10 10 10 10 10 10 10 10 10 10 10 10 10 10 10 10 10 10 10 10 10 10 10 10 10 10 10 10,10 10 10 10 10 10 10 10 10 10 10 10 10 10 10 10 10 10 10 10 10 10 10 10 10 10 10 10 10 10 10 10 10 10 10 10 10 10 10 10,0.3788270000004559,0.6788675213675214,0.7662758213999505,0.8627353498019882,0.2883111805979204,0.0
oxfordpet,CSCLP,CLIP,imagen,7349,37,198 200 200 200 200 200 200 184 199 200 200 190 196 200 200 200 200 200 199 200 200 200 196 200 200 200 200 200 200 200 199 200 199 200 189 200 200,198 200 200 200 200 200 200 184 199 200 200 190 196 200 200 200 200 200 199 200 200 200 196 200 200 200 200 200 200 200 199 200 199 200 189 200 200,96.75476549999983,0.3307798864789791,0.553453277764193,0.564834219532886,0.0325768685900109,0.0
pathmnist,CSCLP,CLIP,imagen,7180,9,1338 847 339 634 1035 592 741 421 1233,1338 847 339 634 1035 592 741 421 1233,17.421035299999858,0.281092262215578,0.3766808843500091,0.3780008865174879,0.0964499365054168,0.0
retinamnist,CSCLP,CLIP,imagen,1600,5,714 186 326 282 92,714 186 326 282 92,0.5489238999998634,0.0120020275021536,0.0881338892079138,0.091413427568001,0.100962191403466,0.0
semeion,CSCLP,CLIP,imagen,1593,10,161 162 159 159 161 159 161 158 155 158,161 162 159 159 161 159 161 158 155 158,0.9911450999989028,0.2062089873941354,0.2943529986388672,0.3022490159664819,0.0535722267710647,0.0
stl10,CSCLP,CLIP,imagen,5000,10,500 500 500 500 500 500 500 500 500 500,500 500 500 500 500 500 500 500 500 500,11.169447199999922,0.8770907190380761,0.8919808958881019,0.892362442751621,0.2266274197314914,0.0
usps,CSCLP,CLIP,imagen,9298,10,1553 1269 929 824 852 716 834 792 708 821,1553 1269 929 824 852 716 834 792 708 821,71.78147949999948,0.4864770433145924,0.5729105797190721,0.5737326449153893,0.2296743183905207,0.0
orl,HCAKC,CLIP,imagen,400,40,10 10 10 10 10 10 10 10 10 10 10 10 10 10 10 10 10 10 10 10 10 10 10 10 10 10 10 10 10 10 10 10 10 10 10 10 10 10 10 10,10 10 10 10 10 10 10 10 10 10 10 10 10 10 10 10 10 10 10 10 10 10 10 10 10 10 10 10 10 10 10 10 10 10 10 10 10 10 10 10,2.977665899998101,0.5242692307692308,0.6791045804590146,0.8115402617851867,0.0445682892960427,0.0
semeion,HCAKC,CLIP,imagen,1593,10,161 162 159 159 161 159 161 158 155 158,162 159 161 161 159 161 158 158 159 155,10.929450900002848,0.1779693785659344,0.2741514067554763,0.2822734749544884,-0.051264006952496,0.0
retinamnist,HCAKC,CLIP,imagen,1600,5,714 186 326 282 92,186 326 714 282 92,3.6804583000048297,0.0448312368935094,0.0899731598161256,0.0932460832154824,0.0886484866883439,0.0
digits,HCAKC,CLIP,imagen,1797,10,178 182 177 183 181 182 181 179 174 180,183 181 182 182 181 177 179 180 174 178,12.204636800001026,0.2184408147470726,0.2940613502873486,0.3010528970874027,0.0267174965624825,0.0
dermamnist,HCAKC,CLIP,imagen,2005,7,66 103 220 23 223 1341 29,103 1341 223 220 29 66 23,8.212177000001248,0.1044879894020779,0.0409458479044732,0.0489881278893371,0.0237080655062119,0.0
lfw,HCAKC,CLIP,imagen,2370,34,39 35 36 77 42 236 31 121 530 109 44 30 39 71 52 55 42 53 31 60 32 41 41 48 33 37 30 32 52 33 33 144 32 49,71 121 236 530 109 44 144 41 77 42 60 53 52 55 52 48 41 49 42 35 32 39 33 33 36 39 30 30 31 31 32 32 33 37,24.819392899997183,0.2508352150488738,0.5272723802379478,0.5655871495772984,0.0051558983528784,0.0
bloodmnist,HCAKC,CLIP,imagen,3421,8,244 624 311 579 243 284 666 470,666 624 284 470 579 311 244 243,31.91180010000244,0.077279368269377,0.1220250139671722,0.1251816519417311,0.0034291324214333,0.0
stl10,HCAKC,CLIP,imagen,5000,10,500 500 500 500 500 500 500 500 500 500,500 500 500 500 500 500 500 500 500 500,34.66665970000031,0.7397679330215987,0.7993398901305542,0.8000486650846103,0.1693711155354606,0.0
pathmnist,HCAKC,CLIP,imagen,7180,9,1338 847 339 634 1035 592 741 421 1233,1338 847 1035 1233 741 634 592 339 421,127.64190170000074,0.398603492024064,0.4012229415000371,0.402490970981585,0.0504496998585631,0.0
oxfordpet,HCAKC,CLIP,imagen,7349,37,198 200 200 200 200 200 200 184 199 200 200 190 196 200 200 200 200 200 199 200 200 200 196 200 200 200 200 200 200 200 199 200 199 200 189 200 200,200 200 200 200 200 200 200 200 200 200 200 200 200 200 200 184 200 200 199 200 199 200 198 200 200 196 189 200 200 196 190 200 200 200 199 200 199,223.7788830999998,0.2450478769590083,0.5282013128338738,0.5402258404315663,-0.0353697948648893,0.0
organcmnist,HCAKC,CLIP,imagen,8216,11,828 431 421 421 727 735 1835 549 557 750 962,727 962 1835 431 828 735 750 557 549 421 421,178.38704140000482,0.1033206362034545,0.1773524463262398,0.179549267891367,-0.0037931326692181,0.0
organsmnist,HCAKC,CLIP,imagen,8827,11,811 439 445 510 704 693 2078 397 439 1343 968,2078 510 1343 968 704 811 693 439 439 445 397,198.7098475000093,0.0722040221437032,0.1482645973315768,0.1504250656053632,-0.0151200959774519,0.0
usps,HCAKC,CLIP,imagen,9298,10,1553 1269 929 824 852 716 834 792 708 821,834 852 1553 929 1269 824 792 821 716 708,153.0612281999929,0.4015146792472805,0.4819128618155436,0.4829100801607811,0.0809271444253805,0.0
cifar100,HCAKC,CLIP,imagen,9998,20,499 500 500 500 500 500 500 500 500 500 500 500 500 500 499 500 500 500 500 500,500 500 500 500 500 500 500 500 500 500 500 500 500 500 499 500 499 500 500 500,353.22204249999777,0.2033120727603178,0.3546000261379243,0.3585192073472205,-0.0085936320284889,0.0
cifar10,HCAKC,CLIP,imagen,10000,10,1000 1000 1000 1000 1000 1000 1000 1000 1000 1000,1000 1000 1000 1000 1000 1000 1000 1000 1000 1000,166.02084399999876,0.5844581971971972,0.6410122623575526,0.6416449673215757,0.11495593994362,0.0
fashionmnist,HCAKC,CLIP,imagen,10000,10,1000 1000 1000 1000 1000 1000 1000 1000 1000 1000,1000 1000 1000 1000 1000 1000 1000 1000 1000 1000,191.6421109999937,0.3855362606606606,0.4967872997931932,0.4976741968651412,0.0689265770669465,0.0
mnist,HCAKC,CLIP,imagen,10000,10,980 1135 1032 1010 982 892 958 1028 974 1009,1135 1032 1010 1028 1009 980 982 974 892 958,241.23967260000063,0.3370152418064453,0.4113064884229007,0.4123448409111748,0.0643001290233428,0.0
orl,K-MedoidsSC,CLIP,imagen,400,40,10 10 10 10 10 10 10 10 10 10 10 10 10 10 10 10 10 10 10 10 10 10 10 10 10 10 10 10 10 10 10 10 10 10 10 10 10 10 10 10,10 10 10 10 10 10 10 10 10 10 10 10 10 10 10 10 10 10 10 10 10 10 10 10 10 10 10 10 10 10 10 10 10 10 10 10 10 10 10 10,0.69041709999874,0.0064786324786324,0.0163663713438235,0.4223185347394669,-0.1930087383562938,0.0
semeion,K-MedoidsSC,CLIP,imagen,1593,10,161 162 159 159 161 159 161 158 155 158,161 162 159 159 161 159 161 158 155 158,2.482799999997951,0.0129785614115838,0.0257965743739894,0.0366976723940003,-0.1392973055891172,0.0
retinamnist,K-MedoidsSC,CLIP,imagen,1600,5,714 186 326 282 92,714 186 326 282 92,1.4896828999990248,0.0594715472699401,0.0171133590554913,0.0206483236785265,-0.0186381235178502,0.0
digits,K-MedoidsSC,CLIP,imagen,1797,10,178 182 177 183 181 182 181 179 174 180,178 182 177 183 181 182 181 179 174 180,3.814609900000505,0.0199669354371073,0.0393937189323015,0.0489074688498679,-0.155381671453921,0.0
dermamnist,K-MedoidsSC,CLIP,imagen,2005,7,66 103 220 23 223 1341 29,66 103 220 23 223 1341 29,2.933880700002192,-0.0821178436632091,0.0291777868122877,0.0373187494856896,-0.2036016469728637,0.0
lfw,K-MedoidsSC,CLIP,imagen,2370,34,39 35 36 77 42 236 31 121 530 109 44 30 39 71 52 55 42 53 31 60 32 41 41 48 33 37 30 32 52 33 33 144 32 49,39 35 36 77 42 236 31 121 530 109 44 30 39 71 52 55 42 53 31 60 32 41 41 48 33 37 30 32 52 33 33 144 32 49,22.52404620000016,0.0361299018068345,0.0468118117085381,0.1240681090870663,-0.1239378841477746,0.0
bloodmnist,K-MedoidsSC,CLIP,imagen,3421,8,244 624 311 579 243 284 666 470,244 624 311 579 243 284 666 470,14.507888300002378,0.019078742199446,0.0232556894072547,0.0267674388662946,-0.0990315487655103,0.0
stl10,K-MedoidsSC,CLIP,imagen,5000,10,500 500 500 500 500 500 500 500 500 500,500 500 500 500 500 500 500 500 500 500,28.99319110000215,0.0497692424849699,0.0878217540634611,0.0910437651287159,-0.0668509652055186,0.0
pathmnist,K-MedoidsSC,CLIP,imagen,7180,9,1338 847 339 634 1035 592 741 421 1233,1338 847 339 634 1035 592 741 421 1233,48.827767399998265,0.0368048569958811,0.046046328172822,0.0480665147560189,-0.1101711341136471,0.0
oxfordpet,K-MedoidsSC,CLIP,imagen,7349,37,198 200 200 200 200 200 200 184 199 200 200 190 196 200 200 200 200 200 199 200 200 200 196 200 200 200 200 200 200 200 199 200 199 200 189 200 200,198 200 200 200 200 200 200 184 199 200 200 190 196 200 200 200 200 200 199 200 200 200 196 200 200 200 200 200 200 200 199 200 199 200 189 200 200,188.0348182000016,0.0035073941564185,0.0173262873720528,0.0423712641777237,-0.1023493305754871,0.0
organcmnist,K-MedoidsSC,CLIP,imagen,8216,11,828 431 421 421 727 735 1835 549 557 750 962,828 431 421 421 727 735 1835 549 557 750 962,91.57222709999768,0.0217788164857232,0.0534328122726202,0.0559605523741437,-0.1552300264239826,0.0
organsmnist,K-MedoidsSC,CLIP,imagen,8827,11,811 439 445 510 704 693 2078 397 439 1343 968,811 439 445 510 704 693 2078 397 439 1343 968,108.24594799999612,0.0122809994468485,0.0348196036358493,0.0372678306536443,-0.1309999132964232,0.0
usps,K-MedoidsSC,CLIP,imagen,9298,10,1553 1269 929 824 852 716 834 792 708 821,1553 1269 929 824 852 716 834 792 708 821,177.97909740000614,0.0400994119778253,0.0575778728065327,0.0593918545963305,-0.0585508744118122,0.0
cifar100,K-MedoidsSC,CLIP,imagen,9998,20,499 500 500 500 500 500 500 500 500 500 500 500 500 500 499 500 500 500 500 500,499 500 500 500 500 500 500 500 500 500 500 500 500 500 499 500 500 500 500 500,201.14946229998893,0.0133759597529337,0.0445765265868235,0.0503783206301583,-0.1109727059446205,0.0
cifar10,K-MedoidsSC,CLIP,imagen,10000,10,1000 1000 1000 1000 1000 1000 1000 1000 1000 1000,1000 1000 1000 1000 1000 1000 1000 1000 1000 1000,189.85501679999288,0.0184044756756756,0.0371988455354058,0.0388957532732508,-0.0751590452318381,0.0
fashionmnist,K-MedoidsSC,CLIP,imagen,10000,10,1000 1000 1000 1000 1000 1000 1000 1000 1000 1000,1000 1000 1000 1000 1000 1000 1000 1000 1000 1000,171.55518989999837,0.0196876306306306,0.0396192056191504,0.0413118475459965,-0.0520039238670183,0.0
mnist,K-MedoidsSC,CLIP,imagen,10000,10,980 1135 1032 1010 982 892 958 1028 974 1009,980 1135 1032 1010 982 892 958 1028 974 1009,159.84735470000305,0.0217592472129707,0.0423659499229477,0.0440550490538175,-0.0764823033690468,0.0
orl,MILP-KM,CLIP,imagen,400,40,10 10 10 10 10 10 10 10 10 10 10 10 10 10 10 10 10 10 10 10 10 10 10 10 10 10 10 10 10 10 10 10 10 10 10 10 10 10 10 10,10 10 10 10 10 10 10 10 10 10 10 10 10 10 10 10 10 10 10 10 10 10 10 10 10 10 10 10 10 10 10 10 10 10 10 10 10 10 10 10,2.367080199997872,0.6726153846153846,0.776862876082707,0.8689530563583243,0.2979469858661524,0.0
semeion,MILP-KM,CLIP,imagen,1593,10,161 162 159 159 161 159 161 158 155 158,161 162 159 159 161 159 161 158 155 158,4.784586000001582,0.2233094926465103,0.3181403978572917,0.3257702400066016,0.0992774372918563,0.0
retinamnist,MILP-KM,CLIP,imagen,1600,5,714 186 326 282 92,714 186 326 282 92,2.39820769999642,0.0355881354452291,0.0683389276370083,0.0716896588345525,0.1288911934154437,0.0
digits,MILP-KM,CLIP,imagen,1797,10,178 182 177 183 181 182 181 179 174 180,178 182 177 183 181 182 181 179 174 180,5.390482599999814,0.3224214336302148,0.4100950483445773,0.4159374088368967,0.1350202893211501,0.0
dermamnist,MILP-KM,CLIP,imagen,2005,7,66 103 220 23 223 1341 29,66 103 220 23 223 1341 29,4.55930239999725,-0.1214471899277097,0.0466566665593616,0.0546510576920005,0.0039378954280378,0.0
lfw,MILP-KM,CLIP,imagen,2370,34,39 35 36 77 42 236 31 121 530 109 44 30 39 71 52 55 42 53 31 60 32 41 41 48 33 37 30 32 52 33 33 144 32 49,39 35 36 77 42 236 31 121 530 109 44 30 39 71 52 55 42 53 31 60 32 41 41 48 33 37 30 32 52 33 33 144 32 49,35.87646600000153,0.1428880264546899,0.5306547783732042,0.5686954029430332,0.0417404224457343,0.0
bloodmnist,MILP-KM,CLIP,imagen,3421,8,244 624 311 579 243 284 666 470,244 624 311 579 243 284 666 470,11.620156399992991,0.119402665172217,0.1957673692352146,0.1986588767417354,0.1260009765943563,0.0
stl10,MILP-KM,CLIP,imagen,5000,10,500 500 500 500 500 500 500 500 500 500,500 500 500 500 500 500 500 500 500 500,24.992805599998974,0.948104792162102,0.9424369357396458,0.9426402609459013,0.237742339413123,0.0
pathmnist,MILP-KM,CLIP,imagen,7180,9,1338 847 339 634 1035 592 741 421 1233,1338 847 339 634 1035 592 741 421 1233,48.896719600001234,0.396694405881839,0.4572659485258266,0.4584152957964673,0.1548145389178158,0.0
oxfordpet,MILP-KM,CLIP,imagen,7349,37,198 200 200 200 200 200 200 184 199 200 200 190 196 200 200 200 200 200 199 200 200 200 196 200 200 200 200 200 200 200 199 200 199 200 189 200 200,198 200 200 200 200 200 200 184 199 200 200 190 196 200 200 200 200 200 199 200 200 200 196 200 200 200 200 200 200 200 199 200 199 200 189 200 200,254.54032729999744,0.3964508406186105,0.6232874055208383,0.6328885152990814,0.07296432547566,0.0
organcmnist,MILP-KM,CLIP,imagen,8216,11,828 431 421 421 727 735 1835 549 557 750 962,828 431 421 421 727 735 1835 549 557 750 962,93.15320929999872,0.1400923122677771,0.2488711788732653,0.2508770147686872,0.0989258226258904,0.0
organsmnist,MILP-KM,CLIP,imagen,8827,11,811 439 445 510 704 693 2078 397 439 1343 968,811 439 445 510 704 693 2078 397 439 1343 968,103.87416030000897,0.123477133391395,0.2228840880066683,0.2248552803131712,0.1123252237329077,0.0
usps,MILP-KM,CLIP,imagen,9298,10,1553 1269 929 824 852 716 834 792 708 821,1553 1269 929 824 852 716 834 792 708 821,102.18634960000054,0.3126491930360946,0.4707059327416466,0.4717247222752858,0.1895320448731441,0.0
cifar100,MILP-KM,CLIP,imagen,9998,20,499 500 500 500 500 500 500 500 500 500 500 500 500 500 499 500 500 500 500 500,499 500 500 500 500 500 500 500 500 500 500 500 500 500 499 500 500 500 500 500,258.62305619999825,0.3085232615657617,0.4653588978534222,0.4686054975530033,0.0548025521149658,0.0
cifar10,MILP-KM,CLIP,imagen,10000,10,1000 1000 1000 1000 1000 1000 1000 1000 1000 1000,1000 1000 1000 1000 1000 1000 1000 1000 1000 1000,126.1629052000062,0.6343855807807808,0.7059015575664368,0.7064198971221586,0.1732779741083386,0.0
fashionmnist,MILP-KM,CLIP,imagen,10000,10,1000 1000 1000 1000 1000 1000 1000 1000 1000 1000,1000 1000 1000 1000 1000 1000 1000 1000 1000 1000,126.70429429999784,0.5398885249249249,0.6342842091269859,0.6349287720801012,0.2359326829495639,0.0
mnist,MILP-KM,CLIP,imagen,10000,10,980 1135 1032 1010 982 892 958 1028 974 1009,980 1135 1032 1010 982 892 958 1028 974 1009,125.30111970000144,0.3872839423375961,0.4849173907499419,0.4858259064690106,0.1750400470557513,0.0
orl,K-MeansPSO,CLIP,imagen,400,40,10 10 10 10 10 10 10 10 10 10 10 10 10 10 10 10 10 10 10 10 10 10 10 10 10 10 10 10 10 10 10 10 10 10 10 10 10 10 10 10,10 10 10 10 10 10 10 10 10 10 10 10 10 10 10 10 10 10 10 10 10 10 10 10 10 10 10 10 10 10 10 10 10 10 10 10 10 10 10 10,0.6943596999990405,0.1849487179487179,0.3363023321507079,0.6102147892432469,-0.1863646013132712,0.0
semeion,K-MeansPSO,CLIP,imagen,1593,10,161 162 159 159 161 159 161 158 155 158,161 162 159 159 161 159 161 158 155 158,7.816415100001905,0.0003777256669141,0.0009126503026829,0.0120921933458671,-0.0710337693250286,0.0
retinamnist,K-MeansPSO,CLIP,imagen,1600,5,714 186 326 282 92,714 186 326 282 92,6.87458009999682,-0.0073913333922175,0.0001056366355075,0.0037017697540422,-0.0251412408747024,0.0
digits,K-MeansPSO,CLIP,imagen,1797,10,178 182 177 183 181 182 181 179 174 180,178 182 177 183 181 182 181 179 174 180,8.920484000002034,0.0010821133203379,0.0021521331687745,0.012034720080717,-0.068050496039842,0.0
dermamnist,K-MeansPSO,CLIP,imagen,2005,7,66 103 220 23 223 1341 29,66 103 220 23 223 1341 29,14.22971310000139,0.0095794472188817,-0.0009303134087482,0.0074631248639311,-0.03584408139141,0.0
lfw,K-MeansPSO,CLIP,imagen,2370,34,39 35 36 77 42 236 31 121 530 109 44 30 39 71 52 55 42 53 31 60 32 41 41 48 33 37 30 32 52 33 33 144 32 49,39 35 36 77 42 236 31 121 530 109 44 30 39 71 52 55 42 53 31 60 32 41 41 48 33 37 30 32 52 33 33 144 32 49,19.125560100001167,0.0079689040112892,0.0034170571913174,0.0841905173933378,-0.0791399148891778,0.0
bloodmnist,K-MeansPSO,CLIP,imagen,3421,8,244 624 311 579 243 284 666 470,244 624 311 579 243 284 666 470,31.54373140000098,0.00053182415468,-2.380924210255528e-05,0.0035716384436912,-0.0331089114321034,0.0
stl10,K-MeansPSO,CLIP,imagen,5000,10,500 500 500 500 500 500 500 500 500 500,500 500 500 500 500 500 500 500 500 500,55.23150610000448,0.0008224539746158,0.0016723048251092,0.0051986143977534,-0.0179900944036514,0.0
pathmnist,K-MeansPSO,CLIP,imagen,7180,9,1338 847 339 634 1035 592 741 421 1233,1338 847 339 634 1035 592 741 421 1233,124.5304957000044,0.0004242885239513,0.0008609620729164,0.0029768376534386,-0.0304988357211871,0.0
oxfordpet,K-MeansPSO,CLIP,imagen,7349,37,198 200 200 200 200 200 200 184 199 200 200 190 196 200 200 200 200 200 199 200 200 200 196 200 200 200 200 200 200 200 199 200 199 200 189 200 200,198 200 200 200 200 200 200 184 199 200 200 190 196 200 200 200 200 200 199 200 200 200 196 200 200 200 200 200 200 200 199 200 199 200 189 200 200,101.2792644000001,0.0803576472816241,0.3014554371010239,0.3192589380502308,-0.0813709390454451,0.0
organcmnist,K-MeansPSO,CLIP,imagen,8216,11,828 431 421 421 727 735 1835 549 557 750 962,828 431 421 421 727 735 1835 549 557 750 962,181.8475788999931,0.0009495770228132,0.0002237767719735,0.0028936078043281,-0.0297950099586286,0.0
organsmnist,K-MeansPSO,CLIP,imagen,8827,11,811 439 445 510 704 693 2078 397 439 1343 968,811 439 445 510 704 693 2078 397 439 1343 968,204.09240829999908,0.0001986208872801,0.0001070599922589,0.0026433370652816,-0.0195323070960573,0.0
usps,K-MeansPSO,CLIP,imagen,9298,10,1553 1269 929 824 852 716 834 792 708 821,1553 1269 929 824 852 716 834 792 708 821,218.28346330000204,0.0004746670840633,0.0013017722243515,0.0032240747111186,-0.0367924986032386,0.0
cifar100,K-MeansPSO,CLIP,imagen,9998,20,499 500 500 500 500 500 500 500 500 500 500 500 500 500 499 500 500 500 500 500,499 500 500 500 500 500 500 500 500 500 500 500 500 500 499 500 500 500 500 500,259.70949459999974,0.000225721715623,0.0007130658539354,0.0067812200739686,-0.016201883094522,0.0
cifar10,K-MeansPSO,CLIP,imagen,10000,10,1000 1000 1000 1000 1000 1000 1000 1000 1000 1000,1000 1000 1000 1000 1000 1000 1000 1000 1000 1000,254.16007009999885,0.0004258488488488,0.0008638878412008,0.0026248348363521,-0.0178843576036002,0.0
fashionmnist,K-MeansPSO,CLIP,imagen,10000,10,1000 1000 1000 1000 1000 1000 1000 1000 1000 1000,1000 1000 1000 1000 1000 1000 1000 1000 1000 1000,247.62236450001365,0.0003237569569569,0.0006555245028982,0.002416838732093,-0.019671072410205,0.0
mnist,K-MeansPSO,CLIP,imagen,10000,10,980 1135 1032 1010 982 892 958 1028 974 1009,980 1135 1032 1010 982 892 958 1028 974 1009,263.16049479998765,0.0001062999161201,0.0001850809437717,0.0019485797569902,-0.0237389870563383,0.0
orl,SCK,CLIP,imagen,400,40,10 10 10 10 10 10 10 10 10 10 10 10 10 10 10 10 10 10 10 10 10 10 10 10 10 10 10 10 10 10 10 10 10 10 10 10 10 10 10 10,10 10 10 10 10 10 10 10 10 10 10 10 10 10 10 10 10 10 10 10 10 10 10 10 10 10 10 10 10 10 10 10 10 10 10 10 10 10 10 10,0.4172086999969906,0.4162777777777778,0.5510235867961925,0.7363191490297718,0.1290102776181242,0.0
semeion,SCK,CLIP,imagen,1593,10,161 162 159 159 161 159 161 158 155 158,161 162 159 159 161 159 161 158 155 158,0.6257342999961111,0.1925074497150955,0.2906462031226523,0.2985836985853253,0.0411478435694346,0.0
retinamnist,SCK,CLIP,imagen,1600,5,714 186 326 282 92,714 186 326 282 92,0.2987653999953181,0.0484941731787866,0.0461350242191973,0.0495656120449686,0.030582840093964,0.0
digits,SCK,CLIP,imagen,1797,10,178 182 177 183 181 182 181 179 174 180,178 182 177 183 181 182 181 179 174 180,0.8039547999942442,0.1416084242163422,0.2390623365848098,0.2465985881951397,0.0253455012212514,0.0
dermamnist,SCK,CLIP,imagen,2005,7,66 103 220 23 223 1341 29,66 103 220 23 223 1341 29,0.5407647999963956,-0.1276521497133757,0.0508782799618577,0.0588372701769399,-0.0652281339430789,0.0
lfw,SCK,CLIP,imagen,2370,34,39 35 36 77 42 236 31 121 530 109 44 30 39 71 52 55 42 53 31 60 32 41 41 48 33 37 30 32 52 33 33 144 32 49,39 35 36 77 42 236 31 121 530 109 44 30 39 71 52 55 42 53 31 60 32 41 41 48 33 37 30 32 52 33 33 144 32 49,5.8781583999953,0.093799503203764,0.3583601056761296,0.4103652848156919,-0.0726049956929442,0.0
bloodmnist,SCK,CLIP,imagen,3421,8,244 624 311 579 243 284 666 470,244 624 311 579 243 284 666 470,1.4075257000004058,0.1070019399191898,0.1577629254607412,0.1607910727033923,0.056597125539643,0.0
stl10,SCK,CLIP,imagen,5000,10,500 500 500 500 500 500 500 500 500 500,500 500 500 500 500 500 500 500 500 500,3.753925800003344,0.4523206466265865,0.5570765210872312,0.5586410227144902,0.0946104627753584,0.0
pathmnist,SCK,CLIP,imagen,7180,9,1338 847 339 634 1035 592 741 421 1233,1338 847 339 634 1035 592 741 421 1233,5.249207000000752,0.252194390220079,0.3329846724780641,0.3343972100626886,0.0485167304914529,0.0
oxfordpet,SCK,CLIP,imagen,7349,37,198 200 200 200 200 200 200 184 199 200 200 190 196 200 200 200 200 200 199 200 200 200 196 200 200 200 200 200 200 200 199 200 199 200 189 200 200,198 200 200 200 200 200 200 184 199 200 200 190 196 200 200 200 200 200 199 200 200 200 196 200 200 200 200 200 200 200 199 200 199 200 189 200 200,39.59855750000133,0.2054393178981224,0.4467531212556498,0.4608534834286716,-0.0006303666223791,0.0
organcmnist,SCK,CLIP,imagen,8216,11,828 431 421 421 727 735 1835 549 557 750 962,828 431 421 421 727 735 1835 549 557 750 962,8.925886700002593,0.0830518286288233,0.1973842542172357,0.1995275822694157,0.0310672282259711,0.0
organsmnist,SCK,CLIP,imagen,8827,11,811 439 445 510 704 693 2078 397 439 1343 968,811 439 445 510 704 693 2078 397 439 1343 968,8.734440799991717,0.0991605034574797,0.1708871425045686,0.1729902275922558,0.0520566202816315,0.0
usps,SCK,CLIP,imagen,9298,10,1553 1269 929 824 852 716 834 792 708 821,1553 1269 929 824 852 716 834 792 708 821,7.491674100005184,0.2603462951528792,0.4181326940065366,0.4192526769384889,0.1190737844352491,0.0
cifar100,SCK,CLIP,imagen,9998,20,499 500 500 500 500 500 500 500 500 500 500 500 500 500 499 500 500 500 500 500,499 500 500 500 500 500 500 500 500 500 500 500 500 500 499 500 500 500 500 500,24.12760690000141,0.1394283345415146,0.2963512053964001,0.3006241016552148,-0.0009110444065557,0.0
cifar10,SCK,CLIP,imagen,10000,10,1000 1000 1000 1000 1000 1000 1000 1000 1000 1000,1000 1000 1000 1000 1000 1000 1000 1000 1000 1000,9.487963599996874,0.3687880746746746,0.4873666480540676,0.4882701487380465,0.081311467558531,0.0
fashionmnist,SCK,CLIP,imagen,10000,10,1000 1000 1000 1000 1000 1000 1000 1000 1000 1000,1000 1000 1000 1000 1000 1000 1000 1000 1000 1000,9.21333909999521,0.3246132022022022,0.4615840253069014,0.4625329670789376,0.1556228955643892,0.0
mnist,SCK,CLIP,imagen,10000,10,980 1135 1032 1010 982 892 958 1028 974 1009,980 1135 1032 1010 982 892 958 1028 974 1009,9.496292599986193,0.2292695782697613,0.3271013123804012,0.3282881880855103,0.0704766568875418,0.0
orl,K-MeansACO,BLIP,imagen,400,40,10 10 10 10 10 10 10 10 10 10 10 10 10 10 10 10 10 10 10 10 10 10 10 10 10 10 10 10 10 10 10 10 10 10 10 10 10 10 10 10,10 10 10 10 10 10 10 10 10 10 10 10 10 10 10 10 10 10 10 10 10 10 10 10 10 10 10 10 10 10 10 10 10 10 10 10 10 10 10 10,11.096100099995963,0.6413547008547008,0.726750736087576,0.8395225309916005,0.1864026896493436,0.0
semeion,K-MeansACO,BLIP,imagen,1593,10,161 162 159 159 161 159 161 158 155 158,161 162 159 159 161 159 161 158 155 158,51.72065970000404,0.2202099159993239,0.3165677819676005,0.3242152213040177,0.1151665433881459,0.0
retinamnist,K-MeansACO,BLIP,imagen,1600,5,714 186 326 282 92,714 186 326 282 92,52.40666699998837,0.1174153114830356,0.0481844547428834,0.0516076717650474,0.0770940182113709,0.0
digits,K-MeansACO,BLIP,imagen,1797,10,178 182 177 183 181 182 181 179 174 180,178 182 177 183 181 182 181 179 174 180,58.8411511000013,0.3487260338983184,0.4361767634298437,0.4417608131869194,0.1420062107404756,0.0
dermamnist,K-MeansACO,BLIP,imagen,2005,7,66 103 220 23 223 1341 29,66 103 220 23 223 1341 29,71.09451109998918,0.0725531030944419,0.041988097307972,0.0500216373676725,-0.0513387291435966,0.0
lfw,K-MeansACO,BLIP,imagen,2370,34,39 35 36 77 42 236 31 121 530 109 44 30 39 71 52 55 42 53 31 60 32 41 41 48 33 37 30 32 52 33 33 144 32 49,39 35 36 77 42 236 31 121 530 109 44 30 39 71 52 55 42 53 31 60 32 41 41 48 33 37 30 32 52 33 33 144 32 49,93.4015250000084,0.1441613157638833,0.309679176543746,0.365629965148377,-0.0916641331207681,0.0
bloodmnist,K-MeansACO,BLIP,imagen,3421,8,244 624 311 579 243 284 666 470,244 624 311 579 243 284 666 470,140.322754000008,0.2336343459808482,0.2812518299534207,0.2838359898711941,-0.002930676013357,0.0
stl10,K-MeansACO,BLIP,imagen,5000,10,500 500 500 500 500 500 500 500 500 500,500 500 500 500 500 500 500 500 500 500,244.0818145999947,0.9543124125584502,0.9485753859570228,0.9487570288280418,0.1848478876579179,0.0
pathmnist,K-MeansACO,BLIP,imagen,7180,9,1338 847 339 634 1035 592 741 421 1233,1338 847 339 634 1035 592 741 421 1233,440.9596347000042,0.2376603806140831,0.3713075895235106,0.3726389707112045,0.0595019447530492,0.0
oxfordpet,K-MeansACO,BLIP,imagen,7349,37,198 200 200 200 200 200 200 184 199 200 200 190 196 200 200 200 200 200 199 200 200 200 196 200 200 200 200 200 200 200 199 200 199 200 189 200 200,198 200 200 200 200 200 200 184 199 200 200 190 196 200 200 200 200 200 199 200 200 200 196 200 200 200 200 200 200 200 199 200 199 200 189 200 200,548.1561953000055,0.3507956700841301,0.5775306527899201,0.5882979449907948,0.0498688285660341,0.0
organcmnist,K-MeansACO,BLIP,imagen,8216,11,828 431 421 421 727 735 1835 549 557 750 962,828 431 421 421 727 735 1835 549 557 750 962,542.6665758000017,0.1254184976162749,0.2147497384617967,0.2168466932279845,0.0272961205492375,0.0
organsmnist,K-MeansACO,BLIP,imagen,8827,11,811 439 445 510 704 693 2078 397 439 1343 968,811 439 445 510 704 693 2078 397 439 1343 968,652.1531765999971,0.0986867263070294,0.1854648678298842,0.1875309758082829,0.0188461932248721,0.0
usps,K-MeansACO,BLIP,imagen,9298,10,1553 1269 929 824 852 716 834 792 708 821,1553 1269 929 824 852 716 834 792 708 821,696.0601783999882,0.522838012134884,0.5888352873546259,0.5896267005439227,0.2412362678205375,0.0
cifar100,K-MeansACO,BLIP,imagen,9998,20,499 500 500 500 500 500 500 500 500 500 500 500 500 500 499 500 500 500 500 500,499 500 500 500 500 500 500 500 500 500 500 500 500 500 499 500 500 500 500 500,833.6247436999984,0.2819674615497868,0.4231358140837128,0.4266388127966353,0.0219999983292118,0.0
cifar10,K-MeansACO,BLIP,imagen,10000,10,1000 1000 1000 1000 1000 1000 1000 1000 1000 1000,1000 1000 1000 1000 1000 1000 1000 1000 1000 1000,798.4020997000043,0.677357147947948,0.7178086647302265,0.7183060183718915,0.1320477057556479,0.0
fashionmnist,K-MeansACO,BLIP,imagen,10000,10,1000 1000 1000 1000 1000 1000 1000 1000 1000 1000,1000 1000 1000 1000 1000 1000 1000 1000 1000 1000,761.0492194000108,0.3949389461461461,0.4778922835827318,0.4788124825457978,0.1398728554284715,0.0
mnist,K-MeansACO,BLIP,imagen,10000,10,980 1135 1032 1010 982 892 958 1028 974 1009,980 1135 1032 1010 982 892 958 1028 974 1009,779.3198959000001,0.4104890086575073,0.4969816521916852,0.4978688886616355,0.1557091555778139,0.0
orl,K-MeansBA,BLIP,imagen,400,40,10 10 10 10 10 10 10 10 10 10 10 10 10 10 10 10 10 10 10 10 10 10 10 10 10 10 10 10 10 10 10 10 10 10 10 10 10 10 10 10,10 10 10 10 10 10 10 10 10 10 10 10 10 10 10 10 10 10 10 10 10 10 10 10 10 10 10 10 10 10 10 10 10 10 10 10 10 10 10 10,5.728207400010433,0.6214615384615385,0.7178825998477728,0.8343143337646122,0.2006929176544581,0.0
semeion,K-MeansBA,BLIP,imagen,1593,10,161 162 159 159 161 159 161 158 155 158,161 162 159 159 161 159 161 158 155 158,23.291957900000853,0.1939339594220392,0.2940895504099524,0.3019885156588031,0.0953940924128053,0.0
retinamnist,K-MeansBA,BLIP,imagen,1600,5,714 186 326 282 92,714 186 326 282 92,22.41197620000457,0.1112214806156313,0.056470872971696,0.0598642877826281,0.04681793106756,0.0
digits,K-MeansBA,BLIP,imagen,1797,10,178 182 177 183 181 182 181 179 174 180,178 182 177 183 181 182 181 179 174 180,27.89808909999556,0.3373923746345377,0.4248524349247188,0.4305486397150328,0.128697944904902,0.0
dermamnist,K-MeansBA,BLIP,imagen,2005,7,66 103 220 23 223 1341 29,66 103 220 23 223 1341 29,41.14710339999874,0.0880744836840604,0.008100565462591,0.0164182740632451,0.0275657466195734,0.0
lfw,K-MeansBA,BLIP,imagen,2370,34,39 35 36 77 42 236 31 121 530 109 44 30 39 71 52 55 42 53 31 60 32 41 41 48 33 37 30 32 52 33 33 144 32 49,39 35 36 77 42 236 31 121 530 109 44 30 39 71 52 55 42 53 31 60 32 41 41 48 33 37 30 32 52 33 33 144 32 49,62.96608519999427,-0.0011274351781233,-0.001156382174873,0.0799877571816492,-0.079069149492941,0.0
bloodmnist,K-MeansBA,BLIP,imagen,3421,8,244 624 311 579 243 284 666 470,244 624 311 579 243 284 666 470,74.56202709999343,0.2637499961753077,0.2793632437127777,0.2819541937819111,0.0068750981937387,0.0
stl10,K-MeansBA,BLIP,imagen,5000,10,500 500 500 500 500 500 500 500 500 500,500 500 500 500 500 500 500 500 500 500,128.12520880000375,0.9563854781563126,0.949888170732458,0.950065176563412,0.1848616170544239,0.0
pathmnist,K-MeansBA,BLIP,imagen,7180,9,1338 847 339 634 1035 592 741 421 1233,1338 847 339 634 1035 592 741 421 1233,256.0026144000003,0.2398200472024158,0.3760595943145327,0.3773809121871982,0.0686387786322357,0.0
oxfordpet,K-MeansBA,BLIP,imagen,7349,37,198 200 200 200 200 200 200 184 199 200 200 190 196 200 200 200 200 200 199 200 200 200 196 200 200 200 200 200 200 200 199 200 199 200 189 200 200,198 200 200 200 200 200 200 184 199 200 200 190 196 200 200 200 200 200 199 200 200 200 196 200 200 200 200 200 200 200 199 200 199 200 189 200 200,367.63469079999777,0.3969714660332766,0.621928286409301,0.631564035464231,0.0667540635052629,0.0
organcmnist,K-MeansBA,BLIP,imagen,8216,11,828 431 421 421 727 735 1835 549 557 750 962,828 431 421 421 727 735 1835 549 557 750 962,332.5234864000085,-0.0015888326219649,-0.0003733966395181,0.0022980291018009,-0.0123213437026719,0.0
organsmnist,K-MeansBA,BLIP,imagen,8827,11,811 439 445 510 704 693 2078 397 439 1343 968,811 439 445 510 704 693 2078 397 439 1343 968,399.0343709000008,0.0629602974218505,0.1615121472677086,0.1636390124867755,-0.0097888452814353,0.0
usps,K-MeansBA,BLIP,imagen,9298,10,1553 1269 929 824 852 716 834 792 708 821,1553 1269 929 824 852 716 834 792 708 821,412.1585927999986,0.4517755766860952,0.5865367786485259,0.5873326160261099,0.1623456244268247,0.0
cifar100,K-MeansBA,BLIP,imagen,9998,20,499 500 500 500 500 500 500 500 500 500 500 500 500 500 499 500 500 500 500 500,499 500 500 500 500 500 500 500 500 500 500 500 500 500 499 500 500 500 500 500,549.8958828000032,0.2709708071037597,0.4100505382783148,0.4136329971231429,0.0150243516808157,0.0
cifar10,K-MeansBA,BLIP,imagen,10000,10,1000 1000 1000 1000 1000 1000 1000 1000 1000 1000,1000 1000 1000 1000 1000 1000 1000 1000 1000 1000,498.32852550000825,0.6769667965965966,0.7172828483248432,0.7177811287019227,0.1319930088818165,0.0
fashionmnist,K-MeansBA,BLIP,imagen,10000,10,1000 1000 1000 1000 1000 1000 1000 1000 1000 1000,1000 1000 1000 1000 1000 1000 1000 1000 1000 1000,460.4362650000112,4.862042042042042e-05,0.0001165508393487,0.0018788149932252,-0.0094429146790297,0.0
mnist,K-MeansBA,BLIP,imagen,10000,10,980 1135 1032 1010 982 892 958 1028 974 1009,980 1135 1032 1010 982 892 958 1028 974 1009,468.3916243999993,0.4134584340799112,0.5123857160382423,0.513245782431217,0.1483671995416971,0.0
bloodmnist,CSCLP,BLIP,imagen,3421,8,244 624 311 579 243 284 666 470,244 624 311 579 243 284 666 470,3.2935222999985854,0.2417570432568005,0.2958835427926983,0.2984150964049208,0.0422091692905616,0.0
cifar10,CSCLP,BLIP,imagen,10000,10,1000 1000 1000 1000 1000 1000 1000 1000 1000 1000,1000 1000 1000 1000 1000 1000 1000 1000 1000 1000,55.80063479999808,0.5574534460460461,0.6239657641912401,0.6246285130895766,0.1172237867466704,0.0
cifar100,CSCLP,BLIP,imagen,9998,20,499 500 500 500 500 500 500 500 500 500 500 500 500 500 499 500 500 500 500 500,499 500 500 500 500 500 500 500 500 500 500 500 500 500 499 500 500 500 500 500,109.6927926999997,0.2119437100702381,0.3671543209194267,0.3709972663707491,0.0232240420771931,0.0
dermamnist,CSCLP,BLIP,imagen,2005,7,66 103 220 23 223 1341 29,66 103 220 23 223 1341 29,1.168131700000231,0.2168698101068261,0.0979586145287451,0.1055228061482104,-0.059305638531937,0.0
digits,CSCLP,BLIP,imagen,1797,10,178 182 177 183 181 182 181 179 174 180,178 182 177 183 181 182 181 179 174 180,1.2332893000020704,0.3422328636428638,0.4497622952718371,0.4552117952607203,0.1749401716801737,0.0
fashionmnist,CSCLP,BLIP,imagen,10000,10,1000 1000 1000 1000 1000 1000 1000 1000 1000 1000,1000 1000 1000 1000 1000 1000 1000 1000 1000 1000,40.22312720000264,0.4753030588588589,0.570007790246952,0.5707656384324881,0.2174678835273242,0.0
lfw,CSCLP,BLIP,imagen,2370,34,39 35 36 77 42 236 31 121 530 109 44 30 39 71 52 55 42 53 31 60 32 41 41 48 33 37 30 32 52 33 33 144 32 49,39 35 36 77 42 236 31 121 530 109 44 30 39 71 52 55 42 53 31 60 32 41 41 48 33 37 30 32 52 33 33 144 32 49,10.135823399999936,0.1617743254688734,0.3919438635248305,0.4412270651836413,-0.0165561283799123,0.0
mnist,CSCLP,BLIP,imagen,10000,10,980 1135 1032 1010 982 892 958 1028 974 1009,980 1135 1032 1010 982 892 958 1028 974 1009,49.36690399999861,0.5418530456368146,0.6169416830036668,0.6176173309406411,0.2328785432824854,0.0
organcmnist,CSCLP,BLIP,imagen,8216,11,828 431 421 421 727 735 1835 549 557 750 962,828 431 421 421 727 735 1835 549 557 750 962,27.26270840000143,0.1212454221049569,0.2472582825361282,0.2492684255560774,0.0548671152495676,0.0
organsmnist,CSCLP,BLIP,imagen,8827,11,811 439 445 510 704 693 2078 397 439 1343 968,811 439 445 510 704 693 2078 397 439 1343 968,25.979714199998853,0.0975976755948443,0.1981837797726119,0.2002176256122722,-0.0034701679590575,0.0
orl,CSCLP,BLIP,imagen,400,40,10 10 10 10 10 10 10 10 10 10 10 10 10 10 10 10 10 10 10 10 10 10 10 10 10 10 10 10 10 10 10 10 10 10 10 10 10 10 10 10,10 10 10 10 10 10 10 10 10 10 10 10 10 10 10 10 10 10 10 10 10 10 10 10 10 10 10 10 10 10 10 10 10 10 10 10 10 10 10 10,0.3796985000008135,0.6595427350427351,0.7481432751657481,0.8520862264167,0.2617048593463923,0.0
oxfordpet,CSCLP,BLIP,imagen,7349,37,198 200 200 200 200 200 200 184 199 200 200 190 196 200 200 200 200 200 199 200 200 200 196 200 200 200 200 200 200 200 199 200 199 200 189 200 200,198 200 200 200 200 200 200 184 199 200 200 190 196 200 200 200 200 200 199 200 200 200 196 200 200 200 200 200 200 200 199 200 199 200 189 200 200,127.2488873000002,0.3163183837922492,0.5624870640141225,0.5736377656082903,0.067122317607861,0.0
pathmnist,CSCLP,BLIP,imagen,7180,9,1338 847 339 634 1035 592 741 421 1233,1338 847 339 634 1035 592 741 421 1233,18.16638750000129,0.2868954853591116,0.4307202464392948,0.431925809512422,0.0019975211748826,0.0
retinamnist,CSCLP,BLIP,imagen,1600,5,714 186 326 282 92,714 186 326 282 92,0.3557078000012552,-0.0138977144941615,0.056036612943223,0.0594315895760111,0.1232625513178386,0.0
semeion,CSCLP,BLIP,imagen,1593,10,161 162 159 159 161 159 161 158 155 158,161 162 159 159 161 159 161 158 155 158,0.704860900001222,0.2986151161883796,0.3958822368871233,0.4026421668751456,0.132964525296329,0.0
stl10,CSCLP,BLIP,imagen,5000,10,500 500 500 500 500 500 500 500 500 500,500 500 500 500 500 500 500 500 500 500,5.580696999997599,0.6559129638833222,0.7174352506973803,0.7184333305715274,0.1425922833525731,0.0
usps,CSCLP,BLIP,imagen,9298,10,1553 1269 929 824 852 716 834 792 708 821,1553 1269 929 824 852 716 834 792 708 821,38.76005140000052,0.6009684654204569,0.6883523899184475,0.6889522517778093,0.303875497859451,0.0
orl,HCAKC,BLIP,imagen,400,40,10 10 10 10 10 10 10 10 10 10 10 10 10 10 10 10 10 10 10 10 10 10 10 10 10 10 10 10 10 10 10 10 10 10 10 10 10 10 10 10,10 10 10 10 10 10 10 10 10 10 10 10 10 10 10 10 10 10 10 10 10 10 10 10 10 10 10 10 10 10 10 10 10 10 10 10 10 10 10 10,2.277709499991033,0.509491452991453,0.6565201261021296,0.7982765624718366,-0.0501287723362895,0.0
semeion,HCAKC,BLIP,imagen,1593,10,161 162 159 159 161 159 161 158 155 158,162 161 161 159 159 161 158 155 159 158,4.777634500002023,0.1939515706529892,0.293314001543444,0.3012216449943937,0.0274722404091196,0.0
retinamnist,HCAKC,BLIP,imagen,1600,5,714 186 326 282 92,326 714 186 282 92,2.7221169999975245,0.03184896739543,0.083424061676297,0.0867205389925275,0.0163397033133842,0.0
digits,HCAKC,BLIP,imagen,1797,10,178 182 177 183 181 182 181 179 174 180,182 183 179 181 181 180 182 177 174 178,4.936488899998949,0.2551178914615892,0.3538820658647914,0.3602811541944917,0.0413074758272961,0.0
dermamnist,HCAKC,BLIP,imagen,2005,7,66 103 220 23 223 1341 29,223 1341 220 66 103 23 29,5.841894800003502,-0.1111508285464777,0.0408519082778211,0.0488949760062942,-0.1288786188143107,0.0
lfw,HCAKC,BLIP,imagen,2370,34,39 35 36 77 42 236 31 121 530 109 44 30 39 71 52 55 42 53 31 60 32 41 41 48 33 37 30 32 52 33 33 144 32 49,121 530 236 44 71 55 144 48 42 109 60 49 42 53 77 52 52 31 41 32 31 32 33 32 41 30 39 33 39 33 35 30 36 37,17.990796099998988,0.160451491828583,0.2880398783874231,0.3457445410685092,-0.0775822347694535,0.0
bloodmnist,HCAKC,BLIP,imagen,3421,8,244 624 311 579 243 284 666 470,311 666 624 470 579 284 244 243,16.73711539999931,0.1920374687544081,0.235768525411997,0.2385162142783259,0.0193886412775598,0.0
stl10,HCAKC,BLIP,imagen,5000,10,500 500 500 500 500 500 500 500 500 500,500 500 500 500 500 500 500 500 500 500,20.824392599999555,0.7944717529280784,0.8448561121700495,0.8454041139729006,0.1476859650356019,0.0
pathmnist,HCAKC,BLIP,imagen,7180,9,1338 847 339 634 1035 592 741 421 1233,1338 1035 1233 847 741 592 421 634 339,85.06784079999488,0.2911354165014136,0.3168123458455828,0.3182591315475394,-0.0649569018354217,0.0
oxfordpet,HCAKC,BLIP,imagen,7349,37,198 200 200 200 200 200 200 184 199 200 200 190 196 200 200 200 200 200 199 200 200 200 196 200 200 200 200 200 200 200 199 200 199 200 189 200 200,198 200 200 200 200 200 200 200 200 200 200 200 200 200 200 200 200 200 200 200 199 200 200 200 199 200 200 184 199 200 199 200 189 190 200 196 196,85.3878551999951,0.2658983589191946,0.5054645921723888,0.518068600664183,0.0046436001694422,0.0
organcmnist,HCAKC,BLIP,imagen,8216,11,828 431 421 421 727 735 1835 549 557 750 962,750 1835 828 962 735 727 557 549 431 421 421,98.22813580000366,0.1214226153384845,0.2128131500225131,0.2149152763098793,-0.0233474660569688,0.0
organsmnist,HCAKC,BLIP,imagen,8827,11,811 439 445 510 704 693 2078 397 439 1343 968,811 1343 968 439 2078 445 693 510 704 397 439,75.64191520000168,0.0811296157675183,0.1636892848398985,0.1658106276436265,-0.0143273349744153,0.0
usps,HCAKC,BLIP,imagen,9298,10,1553 1269 929 824 852 716 834 792 708 821,852 1553 929 1269 834 824 821 792 708 716,68.88089270000637,0.5612882510449172,0.6383069547470985,0.639003144467876,0.1958080368470307,0.0
cifar100,HCAKC,BLIP,imagen,9998,20,499 500 500 500 500 500 500 500 500 500 500 500 500 500 499 500 500 500 500 500,500 500 500 500 500 500 500 500 500 500 500 500 500 500 500 500 500 499 499 500,262.59478109999327,0.2081117408347188,0.3475184119042391,0.3514805961047967,-0.0230497831216066,0.0
cifar10,HCAKC,BLIP,imagen,10000,10,1000 1000 1000 1000 1000 1000 1000 1000 1000 1000,1000 1000 1000 1000 1000 1000 1000 1000 1000 1000,158.1056416000065,0.4820913911911912,0.5667505639121079,0.5675141528599456,0.0782811115951006,0.0
fashionmnist,HCAKC,BLIP,imagen,10000,10,1000 1000 1000 1000 1000 1000 1000 1000 1000 1000,1000 1000 1000 1000 1000 1000 1000 1000 1000 1000,90.93110059999162,0.4061499259259259,0.5066016569371431,0.5074712565032642,0.1158743293667224,0.0
mnist,HCAKC,BLIP,imagen,10000,10,980 1135 1032 1010 982 892 958 1028 974 1009,1032 1009 958 974 1135 980 1010 1028 982 892,117.10463940000044,0.4295004711083979,0.5209594698810398,0.5218044136703822,0.095246893724101,0.0
orl,K-MedoidsSC,BLIP,imagen,400,40,10 10 10 10 10 10 10 10 10 10 10 10 10 10 10 10 10 10 10 10 10 10 10 10 10 10 10 10 10 10 10 10 10 10 10 10 10 10 10 10,10 10 10 10 10 10 10 10 10 10 10 10 10 10 10 10 10 10 10 10 10 10 10 10 10 10 10 10 10 10 10 10 10 10 10 10 10 10 10 10,0.7335277999954997,0.011594017094017,0.0317598365658612,0.4313590141271559,-0.2413076859139446,0.0
semeion,K-MedoidsSC,BLIP,imagen,1593,10,161 162 159 159 161 159 161 158 155 158,161 162 159 159 161 159 161 158 155 158,1.317587500001537,0.0194771056321053,0.0363689202472027,0.0471517163031334,-0.0874019135022876,0.0
retinamnist,K-MedoidsSC,BLIP,imagen,1600,5,714 186 326 282 92,714 186 326 282 92,0.6498753999912878,0.0167245853142852,0.0025472159187734,0.0061345678655725,-0.0567203480930475,0.0
digits,K-MedoidsSC,BLIP,imagen,1797,10,178 182 177 183 181 182 181 179 174 180,178 182 177 183 181 182 181 179 174 180,2.651396899993415,0.0230302734809479,0.0433767135328372,0.0528510162644969,-0.0550965531185347,0.0
dermamnist,K-MedoidsSC,BLIP,imagen,2005,7,66 103 220 23 223 1341 29,66 103 220 23 223 1341 29,2.651347999999416,-0.0713025728113199,0.0162382640088117,0.0244877328234244,-0.1832045927700186,0.0
lfw,K-MedoidsSC,BLIP,imagen,2370,34,39 35 36 77 42 236 31 121 530 109 44 30 39 71 52 55 42 53 31 60 32 41 41 48 33 37 30 32 52 33 33 144 32 49,39 35 36 77 42 236 31 121 530 109 44 30 39 71 52 55 42 53 31 60 32 41 41 48 33 37 30 32 52 33 33 144 32 49,20.638355100003537,0.0211130150513282,0.0386212041801056,0.1165413536905634,-0.1424306603839825,0.0
bloodmnist,K-MedoidsSC,BLIP,imagen,3421,8,244 624 311 579 243 284 666 470,244 624 311 579 243 284 666 470,7.659390399989206,0.0185467666425566,0.0284570445367903,0.0319500932408175,-0.1024193835616641,0.0
stl10,K-MedoidsSC,BLIP,imagen,5000,10,500 500 500 500 500 500 500 500 500 500,500 500 500 500 500 500 500 500 500 500,14.014940599998226,0.0478965376085504,0.0930095606677374,0.096213247276826,-0.0400152097421952,0.0
pathmnist,K-MedoidsSC,BLIP,imagen,7180,9,1338 847 339 634 1035 592 741 421 1233,1338 847 339 634 1035 592 741 421 1233,46.460652300011134,0.072150105435333,0.1061129856691248,0.1080059691614849,-0.1102715477631849,0.0
oxfordpet,K-MedoidsSC,BLIP,imagen,7349,37,198 200 200 200 200 200 200 184 199 200 200 190 196 200 200 200 200 200 199 200 200 200 196 200 200 200 200 200 200 200 199 200 199 200 189 200 200,198 200 200 200 200 200 200 184 199 200 200 190 196 200 200 200 200 200 199 200 200 200 196 200 200 200 200 200 200 200 199 200 199 200 189 200 200,231.4549799000088,0.0030376994888393,0.0165713121055348,0.0416355306369137,-0.0559580300408364,0.0
organcmnist,K-MedoidsSC,BLIP,imagen,8216,11,828 431 421 421 727 735 1835 549 557 750 962,828 431 421 421 727 735 1835 549 557 750 962,74.64590969998972,0.0149125786865297,0.0389824279531776,0.0415487567744458,-0.116449670201063,0.0
organsmnist,K-MedoidsSC,BLIP,imagen,8827,11,811 439 445 510 704 693 2078 397 439 1343 968,811 439 445 510 704 693 2078 397 439 1343 968,72.67637509999622,0.0075736496707712,0.0370541303823614,0.0394966894143857,-0.1322350913880309,0.0
usps,K-MedoidsSC,BLIP,imagen,9298,10,1553 1269 929 824 852 716 834 792 708 821,1553 1269 929 824 852 716 834 792 708 821,100.35421960000532,0.0696291935313575,0.0826750519282021,0.0844407264631208,-0.03270883481819,0.0
cifar100,K-MedoidsSC,BLIP,imagen,9998,20,499 500 500 500 500 500 500 500 500 500 500 500 500 500 499 500 500 500 500 500,499 500 500 500 500 500 500 500 500 500 500 500 500 500 499 500 500 500 500 500,268.4070952000038,0.0270106802442505,0.0747912309631848,0.0804095466885277,-0.0877113308142083,0.0
cifar10,K-MedoidsSC,BLIP,imagen,10000,10,1000 1000 1000 1000 1000 1000 1000 1000 1000 1000,1000 1000 1000 1000 1000 1000 1000 1000 1000 1000,153.42707249999512,0.0104679987987987,0.0201150344483237,0.0218420518833695,-0.0581862221744705,0.0
fashionmnist,K-MedoidsSC,BLIP,imagen,10000,10,1000 1000 1000 1000 1000 1000 1000 1000 1000 1000,1000 1000 1000 1000 1000 1000 1000 1000 1000 1000,123.99891430001298,0.0430424298298298,0.0864851020085114,0.0880951442190449,-0.0379991998627951,0.0
mnist,K-MedoidsSC,BLIP,imagen,10000,10,980 1135 1032 1010 982 892 958 1028 974 1009,980 1135 1032 1010 982 892 958 1028 974 1009,140.72983280000335,0.0281393433229056,0.0512574288320224,0.052930844947761,-0.0399703433245028,0.0
orl,MILP-KM,BLIP,imagen,400,40,10 10 10 10 10 10 10 10 10 10 10 10 10 10 10 10 10 10 10 10 10 10 10 10 10 10 10 10 10 10 10 10 10 10 10 10 10 10 10 10,10 10 10 10 10 10 10 10 10 10 10 10 10 10 10 10 10 10 10 10 10 10 10 10 10 10 10 10 10 10 10 10 10 10 10 10 10 10 10 10,2.569662299996708,0.6169145299145299,0.7233116453668207,0.8375027759640664,0.2892693826146291,0.0
semeion,MILP-KM,BLIP,imagen,1593,10,161 162 159 159 161 159 161 158 155 158,161 162 159 159 161 159 161 158 155 158,3.4825789000024088,0.27233035399562,0.3787009715328312,0.3856531556772321,0.1559658509888041,0.0
retinamnist,MILP-KM,BLIP,imagen,1600,5,714 186 326 282 92,714 186 326 282 92,1.9559250000020256,0.0271873949949159,0.0706781002733846,0.0740204186060344,0.1307555225125075,0.0
digits,MILP-KM,BLIP,imagen,1797,10,178 182 177 183 181 182 181 179 174 180,178 182 177 183 181 182 181 179 174 180,4.3703816999914125,0.3649693320134013,0.4689508909034128,0.4742103489326441,0.1753827115498283,0.0
dermamnist,MILP-KM,BLIP,imagen,2005,7,66 103 220 23 223 1341 29,66 103 220 23 223 1341 29,3.9744873000017833,-0.0874825692675417,0.0559531616311976,0.063869595730772,0.1064074945719807,0.0
lfw,MILP-KM,BLIP,imagen,2370,34,39 35 36 77 42 236 31 121 530 109 44 30 39 71 52 55 42 53 31 60 32 41 41 48 33 37 30 32 52 33 33 144 32 49,39 35 36 77 42 236 31 121 530 109 44 30 39 71 52 55 42 53 31 60 32 41 41 48 33 37 30 32 52 33 33 144 32 49,31.960448500001803,0.1002055852146085,0.4082127076817998,0.456177312784721,0.0177478955932658,0.0
bloodmnist,MILP-KM,BLIP,imagen,3421,8,244 624 311 579 243 284 666 470,244 624 311 579 243 284 666 470,9.20627890000469,0.2169042008562164,0.271544739682164,0.2741638001042344,0.0372235920564759,0.0
stl10,MILP-KM,BLIP,imagen,5000,10,500 500 500 500 500 500 500 500 500 500,500 500 500 500 500 500 500 500 500 500,16.76981589999923,0.969679634647072,0.963298871037816,0.9634285073716689,0.1876328502552794,0.0
pathmnist,MILP-KM,BLIP,imagen,7180,9,1338 847 339 634 1035 592 741 421 1233,1338 847 339 634 1035 592 741 421 1233,36.51422360001016,0.4317553881636352,0.5183637470712453,0.5193837076048466,0.0756335710770146,0.0
oxfordpet,MILP-KM,BLIP,imagen,7349,37,198 200 200 200 200 200 200 184 199 200 200 190 196 200 200 200 200 200 199 200 200 200 196 200 200 200 200 200 200 200 199 200 199 200 189 200 200,198 200 200 200 200 200 200 184 199 200 200 190 196 200 200 200 200 200 199 200 200 200 196 200 200 200 200 200 200 200 199 200 199 200 189 200 200,250.14548520000244,0.4208098851558942,0.6534728982707536,0.6623046835457824,0.0879077886293848,0.0
organcmnist,MILP-KM,BLIP,imagen,8216,11,828 431 421 421 727 735 1835 549 557 750 962,828 431 421 421 727 735 1835 549 557 750 962,75.47475860000122,0.1382524752887318,0.276742810442887,0.2786742171358953,0.0543810645353755,0.0
organsmnist,MILP-KM,BLIP,imagen,8827,11,811 439 445 510 704 693 2078 397 439 1343 968,811 439 445 510 704 693 2078 397 439 1343 968,81.23764209999354,0.0968543477808974,0.2114196954736243,0.2134199677693684,0.0794072434411339,0.0
usps,MILP-KM,BLIP,imagen,9298,10,1553 1269 929 824 852 716 834 792 708 821,1553 1269 929 824 852 716 834 792 708 821,80.07197969999106,0.4717332550580679,0.6149472593086431,0.6156884119615482,0.248389634401795,0.0
cifar100,MILP-KM,BLIP,imagen,9998,20,499 500 500 500 500 500 500 500 500 500 500 500 500 500 499 500 500 500 500 500,499 500 500 500 500 500 500 500 500 500 500 500 500 500 499 500 500 500 500 500,268.0369217999978,0.3461934604569167,0.5017623742375837,0.5047879143983115,0.0616219922814618,0.0
cifar10,MILP-KM,BLIP,imagen,10000,10,1000 1000 1000 1000 1000 1000 1000 1000 1000 1000,1000 1000 1000 1000 1000 1000 1000 1000 1000 1000,103.82519289999618,0.660482626026026,0.7123465638672586,0.7128535442954892,0.1459847732254617,0.0
fashionmnist,MILP-KM,BLIP,imagen,10000,10,1000 1000 1000 1000 1000 1000 1000 1000 1000 1000,1000 1000 1000 1000 1000 1000 1000 1000 1000 1000,101.79942080000184,0.5345406002002002,0.6288778601975095,0.6295319516761042,0.2351076689306722,0.0
mnist,MILP-KM,BLIP,imagen,10000,10,980 1135 1032 1010 982 892 958 1028 974 1009,980 1135 1032 1010 982 892 958 1028 974 1009,99.18548669999292,0.5887283705209772,0.6657039242419287,0.6662935641058941,0.2361145687203619,0.0
orl,K-MeansPSO,BLIP,imagen,400,40,10 10 10 10 10 10 10 10 10 10 10 10 10 10 10 10 10 10 10 10 10 10 10 10 10 10 10 10 10 10 10 10 10 10 10 10 10 10 10 10,10 10 10 10 10 10 10 10 10 10 10 10 10 10 10 10 10 10 10 10 10 10 10 10 10 10 10 10 10 10 10 10 10 10 10 10 10 10 10 10,0.6595116999960737,0.1570982905982905,0.3017070543614576,0.5898972134892616,-0.299252066237529,0.0
semeion,K-MeansPSO,BLIP,imagen,1593,10,161 162 159 159 161 159 161 158 155 158,161 162 159 159 161 159 161 158 155 158,4.985953700001119,0.0070523821969348,0.0150096684592298,0.0260314693176997,-0.052924845292655,0.0
retinamnist,K-MeansPSO,BLIP,imagen,1600,5,714 186 326 282 92,714 186 326 282 92,5.570281699998304,-0.0145838003748586,0.0047952280645892,0.0083744950063871,-0.0224502117545402,0.0
digits,K-MeansPSO,BLIP,imagen,1797,10,178 182 177 183 181 182 181 179 174 180,178 182 177 183 181 182 181 179 174 180,6.508605899987742,0.0025550049757285,0.0043683551573357,0.0142289928251639,-0.0523668832968736,0.0
dermamnist,K-MeansPSO,BLIP,imagen,2005,7,66 103 220 23 223 1341 29,66 103 220 23 223 1341 29,12.081751100005931,0.0097850152014882,-0.0022935779143024,0.0061112921996584,0.0076724952550924,0.0
lfw,K-MeansPSO,BLIP,imagen,2370,34,39 35 36 77 42 236 31 121 530 109 44 30 39 71 52 55 42 53 31 60 32 41 41 48 33 37 30 32 52 33 33 144 32 49,39 35 36 77 42 236 31 121 530 109 44 30 39 71 52 55 42 53 31 60 32 41 41 48 33 37 30 32 52 33 33 144 32 49,14.5969890000124,0.0090539248623139,0.0017564840559252,0.0826645343982164,-0.0962019869987678,0.0
bloodmnist,K-MeansPSO,BLIP,imagen,3421,8,244 624 311 579 243 284 666 470,244 624 311 579 243 284 666 470,22.81086789999972,0.0012179753951588,0.0002345425336132,0.0038290613512286,-0.0288556215430367,0.0
stl10,K-MeansPSO,BLIP,imagen,5000,10,500 500 500 500 500 500 500 500 500 500,500 500 500 500 500 500 500 500 500 500,42.16725369999767,0.0011626219550211,0.0023422084378664,0.0058661517659059,-0.0157877324201595,0.0
pathmnist,K-MeansPSO,BLIP,imagen,7180,9,1338 847 339 634 1035 592 741 421 1233,1338 847 339 634 1035 592 741 421 1233,104.38322220000556,-2.806245969434949e-05,0.0002588964689208,0.0023760470430734,-0.0369090631431146,0.0
oxfordpet,K-MeansPSO,BLIP,imagen,7349,37,198 200 200 200 200 200 200 184 199 200 200 190 196 200 200 200 200 200 199 200 200 200 196 200 200 200 200 200 200 200 199 200 199 200 189 200 200,198 200 200 200 200 200 200 184 199 200 200 190 196 200 200 200 200 200 199 200 200 200 196 200 200 200 200 200 200 200 199 200 199 200 189 200 200,76.83542659999512,0.0946819198998143,0.3391058105742114,0.3559497328573328,-0.0754788814298694,0.0
organcmnist,K-MeansPSO,BLIP,imagen,8216,11,828 431 421 421 727 735 1835 549 557 750 962,828 431 421 421 727 735 1835 549 557 750 962,139.4420312000002,0.0012509220943058,0.000573793066867,0.003242689405693,-0.0196179639838077,0.0
organsmnist,K-MeansPSO,BLIP,imagen,8827,11,811 439 445 510 704 693 2078 397 439 1343 968,811 439 445 510 704 693 2078 397 439 1343 968,144.76402420000522,0.0024314342573468,-5.969984654704672e-05,0.0024770002209173,-0.0228983357556675,0.0
usps,K-MeansPSO,BLIP,imagen,9298,10,1553 1269 929 824 852 716 834 792 708 821,1553 1269 929 824 852 716 834 792 708 821,161.35034190000442,0.0007283796702815,0.0013251309773624,0.0032473885030114,-0.0281384288840498,0.0
cifar100,K-MeansPSO,BLIP,imagen,9998,20,499 500 500 500 500 500 500 500 500 500 500 500 500 500 499 500 500 500 500 500,499 500 500 500 500 500 500 500 500 500 500 500 500 500 499 500 500 500 500 500,271.642891800002,-0.0002570726462089,-0.000798240468839,0.0052790911351135,-0.019790367957843,0.0
cifar10,K-MeansPSO,BLIP,imagen,10000,10,1000 1000 1000 1000 1000 1000 1000 1000 1000 1000,1000 1000 1000 1000 1000 1000 1000 1000 1000 1000,220.37492109999584,0.0004865701701701,0.0009411565894658,0.0027019674007995,-0.0151503356462108,0.0
fashionmnist,K-MeansPSO,BLIP,imagen,10000,10,1000 1000 1000 1000 1000 1000 1000 1000 1000 1000,1000 1000 1000 1000 1000 1000 1000 1000 1000 1000,194.3515746000048,0.0004225125125125,0.0008414708313677,0.0026024573358167,-0.0202139133472804,0.0
mnist,K-MeansPSO,BLIP,imagen,10000,10,980 1135 1032 1010 982 892 958 1028 974 1009,980 1135 1032 1010 982 892 958 1028 974 1009,203.66257439999023,4.000226070657324e-05,5.215541963718985e-05,0.0018158886902533,-0.0201713321605023,0.0
orl,SCK,BLIP,imagen,400,40,10 10 10 10 10 10 10 10 10 10 10 10 10 10 10 10 10 10 10 10 10 10 10 10 10 10 10 10 10 10 10 10 10 10 10 10 10 10 10 10,10 10 10 10 10 10 10 10 10 10 10 10 10 10 10 10 10 10 10 10 10 10 10 10 10 10 10 10 10 10 10 10 10 10 10 10 10 10 10 10,0.511773499994888,0.3617136752136752,0.4950370394962802,0.7034386234592125,0.0664510578251481,0.0
semeion,SCK,BLIP,imagen,1593,10,161 162 159 159 161 159 161 158 155 158,161 162 159 159 161 159 161 158 155 158,0.6098466999974335,0.1643382858106942,0.2736765607881358,0.2818039423973641,0.0636243406434901,0.0
retinamnist,SCK,BLIP,imagen,1600,5,714 186 326 282 92,714 186 326 282 92,0.2825845999905141,0.0698848063036315,0.066715175489568,0.0700717465328876,0.0211375077067724,0.0
digits,SCK,BLIP,imagen,1797,10,178 182 177 183 181 182 181 179 174 180,178 182 177 183 181 182 181 179 174 180,0.7017424000077881,0.1767642043853849,0.3081599607287124,0.3150118762807017,0.0862567514933708,0.0
dermamnist,SCK,BLIP,imagen,2005,7,66 103 220 23 223 1341 29,66 103 220 23 223 1341 29,0.4487977000098908,-0.1509451975289134,0.0656699884658667,0.073504940782793,-0.1004492186333336,0.0
lfw,SCK,BLIP,imagen,2370,34,39 35 36 77 42 236 31 121 530 109 44 30 39 71 52 55 42 53 31 60 32 41 41 48 33 37 30 32 52 33 33 144 32 49,39 35 36 77 42 236 31 121 530 109 44 30 39 71 52 55 42 53 31 60 32 41 41 48 33 37 30 32 52 33 33 144 32 49,5.2798255999950925,0.0607237077633945,0.2863221480862931,0.344166033519602,-0.0777408468303326,0.0
bloodmnist,SCK,BLIP,imagen,3421,8,244 624 311 579 243 284 666 470,244 624 311 579 243 284 666 470,1.374937400003546,0.0866563055658809,0.1472571099518543,0.1503230294052364,-0.0278410566803495,0.0
stl10,SCK,BLIP,imagen,5000,10,500 500 500 500 500 500 500 500 500 500,500 500 500 500 500 500 500 500 500 500,3.3504681999911554,0.3753954869739479,0.4704581307618138,0.4723285872979148,0.0650285894428765,0.0
pathmnist,SCK,BLIP,imagen,7180,9,1338 847 339 634 1035 592 741 421 1233,1338 847 339 634 1035 592 741 421 1233,5.141464000000269,0.2884457155538243,0.3927534290229018,0.3940393943811885,-0.0027464680489659,0.0
oxfordpet,SCK,BLIP,imagen,7349,37,198 200 200 200 200 200 200 184 199 200 200 190 196 200 200 200 200 200 199 200 200 200 196 200 200 200 200 200 200 200 199 200 199 200 189 200 200,198 200 200 200 200 200 200 184 199 200 200 190 196 200 200 200 200 200 199 200 200 200 196 200 200 200 200 200 200 200 199 200 199 200 189 200 200,38.427184800006216,0.1957228631483219,0.4318449104636687,0.4463252317102886,0.0060951122881434,0.0
organcmnist,SCK,BLIP,imagen,8216,11,828 431 421 421 727 735 1835 549 557 750 962,828 431 421 421 727 735 1835 549 557 750 962,7.795892699999968,0.0872298585562103,0.2004476275624601,0.202582775094809,-0.0049572572109589,0.0
organsmnist,SCK,BLIP,imagen,8827,11,811 439 445 510 704 693 2078 397 439 1343 968,811 439 445 510 704 693 2078 397 439 1343 968,8.804997200000798,0.079429300558585,0.1366976396121493,0.1388874480367604,0.0025640684790535,0.0
usps,SCK,BLIP,imagen,9298,10,1553 1269 929 824 852 716 834 792 708 821,1553 1269 929 824 852 716 834 792 708 821,8.719647800011444,0.3123619575891498,0.4763615792115145,0.4773694827107431,0.1331448683160574,0.0
cifar100,SCK,BLIP,imagen,9998,20,499 500 500 500 500 500 500 500 500 500 500 500 500 500 499 500 500 500 500 500,499 500 500 500 500 500 500 500 500 500 500 500 500 500 499 500 500 500 500 500,24.809486700003617,0.1364864119048621,0.2814804855123551,0.2858436839842136,-0.0001807290498289,0.0
cifar10,SCK,BLIP,imagen,10000,10,1000 1000 1000 1000 1000 1000 1000 1000 1000 1000,1000 1000 1000 1000 1000 1000 1000 1000 1000 1000,9.489906199989491,0.2948664274274274,0.4091317738584507,0.4101731611276048,0.053429672896106,0.0
fashionmnist,SCK,BLIP,imagen,10000,10,1000 1000 1000 1000 1000 1000 1000 1000 1000 1000,1000 1000 1000 1000 1000 1000 1000 1000 1000 1000,9.786961999998312,0.3582519245245245,0.4966709210573101,0.4975580232432388,0.1497457349007767,0.0
mnist,SCK,BLIP,imagen,10000,10,980 1135 1032 1010 982 892 958 1028 974 1009,980 1135 1032 1010 982 892 958 1028 974 1009,9.497006199992027,0.3036850379052431,0.4432308511064473,0.4442128945972938,0.0951890451428806,0.0
orl,K-MeansACO,Qwen2-VL,imagen,400,40,10 10 10 10 10 10 10 10 10 10 10 10 10 10 10 10 10 10 10 10 10 10 10 10 10 10 10 10 10 10 10 10 10 10 10 10 10 10 10 10,10 10 10 10 10 10 10 10 10 10 10 10 10 10 10 10 10 10 10 10 10 10 10 10 10 10 10 10 10 10 10 10 10 10 10 10 10 10 10 10,12.086762200007795,0.2417863247863247,0.3676388064060136,0.628618491431261,0.0361602392302331,0.0
semeion,K-MeansACO,Qwen2-VL,imagen,1593,10,161 162 159 159 161 159 161 158 155 158,161 162 159 159 161 159 161 158 155 158,117.37441879999824,0.0793464852463674,0.1289784046892639,0.1387249232687148,0.0724940854269042,0.0
retinamnist,K-MeansACO,Qwen2-VL,imagen,1600,5,714 186 326 282 92,714 186 326 282 92,119.82626830000665,-0.0175797087205693,0.0103566589623865,0.0139159241454279,0.2125287477991326,0.0
digits,K-MeansACO,Qwen2-VL,imagen,1797,10,178 182 177 183 181 182 181 179 174 180,178 182 177 183 181 182 181 179 174 180,131.5802374999912,0.1090734230960932,0.1660540701100966,0.1743133883949266,0.10006105982738,0.0
dermamnist,K-MeansACO,Qwen2-VL,imagen,2005,7,66 103 220 23 223 1341 29,66 103 220 23 223 1341 29,163.91845040000044,0.056778255186464,0.0117944503634422,0.0200811833861901,-0.1400293172301915,0.0
lfw,K-MeansACO,Qwen2-VL,imagen,2370,34,39 35 36 77 42 236 31 121 530 109 44 30 39 71 52 55 42 53 31 60 32 41 41 48 33 37 30 32 52 33 33 144 32 49,39 35 36 77 42 236 31 121 530 109 44 30 39 71 52 55 42 53 31 60 32 41 41 48 33 37 30 32 52 33 33 144 32 49,213.62834709999152,0.0949786582838731,0.2034799091743884,0.2680381923766761,-0.086927084822535,0.0
bloodmnist,K-MeansACO,Qwen2-VL,imagen,3421,8,244 624 311 579 243 284 666 470,244 624 311 579 243 284 666 470,307.2318316000019,0.0281751075312197,0.0468192157716611,0.0502462458214699,0.0508071388154193,0.0
stl10,K-MeansACO,Qwen2-VL,imagen,5000,10,500 500 500 500 500 500 500 500 500 500,500 500 500 500 500 500 500 500 500 500,525.8217505000066,0.5504493135604542,0.6131252163950245,0.6144917418950527,0.1822469326433961,0.0
pathmnist,K-MeansACO,Qwen2-VL,imagen,7180,9,1338 847 339 634 1035 592 741 421 1233,1338 847 339 634 1035 592 741 421 1233,930.3665335000114,0.0261835459057202,0.0488620603074467,0.0508762840179715,0.1310427622177317,0.0
oxfordpet,K-MeansACO,Qwen2-VL,imagen,7349,37,198 200 200 200 200 200 200 184 199 200 200 190 196 200 200 200 200 200 199 200 200 200 196 200 200 200 200 200 200 200 199 200 199 200 189 200 200,198 200 200 200 200 200 200 184 199 200 200 190 196 200 200 200 200 200 199 200 200 200 196 200 200 200 200 200 200 200 199 200 199 200 189 200 200,1106.253765500005,0.2201653775211092,0.4232432975409134,0.437942844348748,0.0128800189815959,0.0
organcmnist,K-MeansACO,Qwen2-VL,imagen,8216,11,828 431 421 421 727 735 1835 549 557 750 962,828 431 421 421 727 735 1835 549 557 750 962,1141.1119730999926,0.0544144294411259,0.105887861486007,0.1082755241232541,0.0674659676019477,0.0
organsmnist,K-MeansACO,Qwen2-VL,imagen,8827,11,811 439 445 510 704 693 2078 397 439 1343 968,811 439 445 510 704 693 2078 397 439 1343 968,1321.7968821000104,0.0639554888478835,0.1166723710348716,0.118912974527176,0.0615059633876737,0.0
usps,K-MeansACO,Qwen2-VL,imagen,9298,10,1553 1269 929 824 852 716 834 792 708 821,1553 1269 929 824 852 716 834 792 708 821,1369.725512799996,0.1916762825703306,0.2920463979455034,0.2934090728075347,0.0761569988892974,0.0
cifar100,K-MeansACO,Qwen2-VL,imagen,9998,20,499 500 500 500 500 500 500 500 500 500 500 500 500 500 499 500 500 500 500 500,499 500 500 500 500 500 500 500 500 500 500 500 500 500 499 500 500 500 500 500,1984.1426948000008,0.2838311153101451,0.4063869047101714,0.4099916109123276,0.0282038853910487,0.0
cifar10,K-MeansACO,Qwen2-VL,imagen,10000,10,1000 1000 1000 1000 1000 1000 1000 1000 1000 1000,1000 1000 1000 1000 1000 1000 1000 1000 1000 1000,1910.152002700008,0.5245042332332333,0.5832104272576544,0.5839450061971997,0.1569499693618088,0.0
fashionmnist,K-MeansACO,Qwen2-VL,imagen,10000,10,1000 1000 1000 1000 1000 1000 1000 1000 1000 1000,1000 1000 1000 1000 1000 1000 1000 1000 1000 1000,3236.1995873999986,0.2268687789789789,0.3400087136994377,0.3411719282587892,0.095150235283154,0.0
mnist,K-MeansACO,Qwen2-VL,imagen,10000,10,980 1135 1032 1010 982 892 958 1028 974 1009,980 1135 1032 1010 982 892 958 1028 974 1009,1024.8613867000097,0.0930194706058595,0.1495395826325224,0.1510396462024205,0.1012181767941989,0.0
orl,K-MeansBA,Qwen2-VL,imagen,400,40,10 10 10 10 10 10 10 10 10 10 10 10 10 10 10 10 10 10 10 10 10 10 10 10 10 10 10 10 10 10 10 10 10 10 10 10 10 10 10 10,10 10 10 10 10 10 10 10 10 10 10 10 10 10 10 10 10 10 10 10 10 10 10 10 10 10 10 10 10 10 10 10 10 10 10 10 10 10 10 10,11.50694089999888,0.2872564102564102,0.4257657226182376,0.6627560413790283,0.0018151859256776,0.0
semeion,K-MeansBA,Qwen2-VL,imagen,1593,10,161 162 159 159 161 159 161 158 155 158,161 162 159 159 161 159 161 158 155 158,79.61519070000213,0.0687885522918887,0.1109892201477419,0.1209370333016409,0.0437326544165276,0.0
retinamnist,K-MeansBA,Qwen2-VL,imagen,1600,5,714 186 326 282 92,714 186 326 282 92,72.99202779999177,-0.0152698862555557,0.0020441074831114,0.0056332688659609,0.070432596173823,0.0
digits,K-MeansBA,Qwen2-VL,imagen,1797,10,178 182 177 183 181 182 181 179 174 180,178 182 177 183 181 182 181 179 174 180,88.31204279999656,0.0936115182066401,0.1536161074810428,0.1619986101216999,0.0382501477145065,0.0
dermamnist,K-MeansBA,Qwen2-VL,imagen,2005,7,66 103 220 23 223 1341 29,66 103 220 23 223 1341 29,115.21239240000432,0.0037457072853013,-0.0034224878799428,0.004991848863198,0.0089623672262127,0.0
lfw,K-MeansBA,Qwen2-VL,imagen,2370,34,39 35 36 77 42 236 31 121 530 109 44 30 39 71 52 55 42 53 31 60 32 41 41 48 33 37 30 32 52 33 33 144 32 49,39 35 36 77 42 236 31 121 530 109 44 30 39 71 52 55 42 53 31 60 32 41 41 48 33 37 30 32 52 33 33 144 32 49,212.6034151000058,0.0011615129185589,8.86699447082559e-06,0.0810585624232853,-0.1051418644443992,0.0
bloodmnist,K-MeansBA,Qwen2-VL,imagen,3421,8,244 624 311 579 243 284 666 470,244 624 311 579 243 284 666 470,210.4832136999903,0.0219247419802987,0.0315767377807926,0.0350585700580199,0.007317135256295,0.0
stl10,K-MeansBA,Qwen2-VL,imagen,5000,10,500 500 500 500 500 500 500 500 500 500,500 500 500 500 500 500 500 500 500 500,349.10526969999773,0.587624687063015,0.654667891528283,0.6558876793051129,0.1704236260804294,0.0
pathmnist,K-MeansBA,Qwen2-VL,imagen,7180,9,1338 847 339 634 1035 592 741 421 1233,1338 847 339 634 1035 592 741 421 1233,646.975036600008,0.025674822914994,0.0417149467129311,0.0437443058576164,0.0410319733210533,0.0
oxfordpet,K-MeansBA,Qwen2-VL,imagen,7349,37,198 200 200 200 200 200 200 184 199 200 200 190 196 200 200 200 200 200 199 200 200 200 196 200 200 200 200 200 200 200 199 200 199 200 189 200 200,198 200 200 200 200 200 200 184 199 200 200 190 196 200 200 200 200 200 199 200 200 200 196 200 200 200 200 200 200 200 199 200 199 200 189 200 200,992.667712800001,0.2257564417568709,0.4389789941721458,0.4532774921352968,0.0057568784856313,0.0
organcmnist,K-MeansBA,Qwen2-VL,imagen,8216,11,828 431 421 421 727 735 1835 549 557 750 962,828 431 421 421 727 735 1835 549 557 750 962,843.1477179000067,0.0012427618796039,0.0002972422020042,0.0029668770501724,-0.0217243840090229,0.0
organsmnist,K-MeansBA,Qwen2-VL,imagen,8827,11,811 439 445 510 704 693 2078 397 439 1343 968,811 439 445 510 704 693 2078 397 439 1343 968,1000.5864385000024,-0.0004522626046277,0.0004523900000847,0.0029877911267472,-0.0211410758271348,0.0
usps,K-MeansBA,Qwen2-VL,imagen,9298,10,1553 1269 929 824 852 716 834 792 708 821,1553 1269 929 824 852 716 834 792 708 821,980.095147800006,0.1753007268629007,0.268795999631077,0.270203427049241,0.026951048432356,0.0
cifar100,K-MeansBA,Qwen2-VL,imagen,9998,20,499 500 500 500 500 500 500 500 500 500 500 500 500 500 499 500 500 500 500 500,499 500 500 500 500 500 500 500 500 500 500 500 500 500 499 500 500 500 500 500,1487.3972728999945,0.3107447908670583,0.4385921936226311,0.4420013337134496,0.0502085322012616,0.0
cifar10,K-MeansBA,Qwen2-VL,imagen,10000,10,1000 1000 1000 1000 1000 1000 1000 1000 1000 1000,1000 1000 1000 1000 1000 1000 1000 1000 1000 1000,1340.568562300003,0.5345379311311311,0.5977744322814237,0.59848334260528,0.1563360593321895,0.0
fashionmnist,K-MeansBA,Qwen2-VL,imagen,10000,10,1000 1000 1000 1000 1000 1000 1000 1000 1000 1000,1000 1000 1000 1000 1000 1000 1000 1000 1000 1000,2981.7265008999966,0.2537939029029029,0.3637735819106231,0.3648949116128892,0.0827094226892786,0.0
mnist,K-MeansBA,Qwen2-VL,imagen,10000,10,980 1135 1032 1010 982 892 958 1028 974 1009,980 1135 1032 1010 982 892 958 1028 974 1009,777.3921132999967,0.0805803452924742,0.1355866537310029,0.1371113278293996,0.0684694334613222,0.0
bloodmnist,CSCLP,Qwen2-VL,imagen,3421,8,244 624 311 579 243 284 666 470,244 624 311 579 243 284 666 470,6.460562400003255,0.031169727115172,0.0568167336964351,0.0602078190493735,0.0654119855397551,0.0
cifar10,CSCLP,Qwen2-VL,imagen,10000,10,1000 1000 1000 1000 1000 1000 1000 1000 1000 1000,1000 1000 1000 1000 1000 1000 1000 1000 1000 1000,70.97954890000256,0.5726780384384385,0.6383026313187875,0.6389401119250656,0.1795135360597082,0.0
cifar100,CSCLP,Qwen2-VL,imagen,9998,20,499 500 500 500 500 500 500 500 500 500 500 500 500 500 499 500 500 500 500 500,499 500 500 500 500 500 500 500 500 500 500 500 500 500 499 500 500 500 500 500,147.203212299999,0.291944930345618,0.4399906721414703,0.4433913199934375,0.0726034152313395,0.0
dermamnist,CSCLP,Qwen2-VL,imagen,2005,7,66 103 220 23 223 1341 29,66 103 220 23 223 1341 29,2.7686083000007784,0.0634741831635978,0.018141775575391,0.026375282232977,0.0988708788064457,0.0
digits,CSCLP,Qwen2-VL,imagen,1797,10,178 182 177 183 181 182 181 179 174 180,178 182 177 183 181 182 181 179 174 180,2.612839099998382,0.1724630841522723,0.2332514937805063,0.2408452954051761,0.1558070949134344,0.0
fashionmnist,CSCLP,Qwen2-VL,imagen,10000,10,1000 1000 1000 1000 1000 1000 1000 1000 1000 1000,1000 1000 1000 1000 1000 1000 1000 1000 1000 1000,69.41322740000032,0.3433700850850851,0.4573290303454659,0.4582854714166471,0.1413249157812634,0.0
lfw,CSCLP,Qwen2-VL,imagen,2370,34,39 35 36 77 42 236 31 121 530 109 44 30 39 71 52 55 42 53 31 60 32 41 41 48 33 37 30 32 52 33 33 144 32 49,39 35 36 77 42 236 31 121 530 109 44 30 39 71 52 55 42 53 31 60 32 41 41 48 33 37 30 32 52 33 33 144 32 49,14.232902399999148,0.0756266425573777,0.2175220595950656,0.2809422206908694,-0.0504161159754574,0.0
mnist,CSCLP,Qwen2-VL,imagen,10000,10,980 1135 1032 1010 982 892 958 1028 974 1009,980 1135 1032 1010 982 892 958 1028 974 1009,86.83555949999936,0.1411602159563943,0.1933016808616608,0.1947245557371114,0.1374135284975858,0.0
organcmnist,CSCLP,Qwen2-VL,imagen,8216,11,828 431 421 421 727 735 1835 549 557 750 962,828 431 421 421 727 735 1835 549 557 750 962,43.57742169999983,0.0726393946691635,0.1381474026272291,0.1404489184627947,0.1413343706133736,0.0
organsmnist,CSCLP,Qwen2-VL,imagen,8827,11,811 439 445 510 704 693 2078 397 439 1343 968,811 439 445 510 704 693 2078 397 439 1343 968,67.62925110000288,0.0589328379019943,0.1346411184972967,0.1368361433877364,0.1391535085666298,0.0
orl,CSCLP,Qwen2-VL,imagen,400,40,10 10 10 10 10 10 10 10 10 10 10 10 10 10 10 10 10 10 10 10 10 10 10 10 10 10 10 10 10 10 10 10 10 10 10 10 10 10 10 10,10 10 10 10 10 10 10 10 10 10 10 10 10 10 10 10 10 10 10 10 10 10 10 10 10 10 10 10 10 10 10 10 10 10 10 10 10 10 10 10,0.3738150999997742,0.2361025641025641,0.3646868421750611,0.6268848225400672,0.0854965009134832,0.0
oxfordpet,CSCLP,Qwen2-VL,imagen,7349,37,198 200 200 200 200 200 200 184 199 200 200 190 196 200 200 200 200 200 199 200 200 200 196 200 200 200 200 200 200 200 199 200 199 200 189 200 200,198 200 200 200 200 200 200 184 199 200 200 190 196 200 200 200 200 200 199 200 200 200 196 200 200 200 200 200 200 200 199 200 199 200 189 200 200,197.6540375000004,0.3047868138059907,0.4857685738750062,0.4988745662044496,0.0658986300087563,0.0
pathmnist,CSCLP,Qwen2-VL,imagen,7180,9,1338 847 339 634 1035 592 741 421 1233,1338 847 339 634 1035 592 741 421 1233,28.981835099999444,0.0413933321331807,0.0630640001056959,0.0650481483847997,0.171734008244047,0.0
retinamnist,CSCLP,Qwen2-VL,imagen,1600,5,714 186 326 282 92,714 186 326 282 92,1.2958860999970057,0.0431960655445147,0.0129571555670146,0.0165070680301016,-0.0135170458033397,0.0
semeion,CSCLP,Qwen2-VL,imagen,1593,10,161 162 159 159 161 159 161 158 155 158,161 162 159 159 161 159 161 158 155 158,1.816201000001456,0.0971866621986391,0.1491380538300232,0.1586589908671066,0.1049440237041073,0.0
stl10,CSCLP,Qwen2-VL,imagen,5000,10,500 500 500 500 500 500 500 500 500 500,500 500 500 500 500 500 500 500 500 500,19.120277500001976,0.6349213937207748,0.6986323543973741,0.6996968501723687,0.2459974941024619,0.0
usps,CSCLP,Qwen2-VL,imagen,9298,10,1553 1269 929 824 852 716 834 792 708 821,1553 1269 929 824 852 716 834 792 708 821,67.65749209999922,0.2432378187710034,0.3537077797378565,0.354951768269763,0.1041982547659605,0.0
orl,HCAKC,Qwen2-VL,imagen,400,40,10 10 10 10 10 10 10 10 10 10 10 10 10 10 10 10 10 10 10 10 10 10 10 10 10 10 10 10 10 10 10 10 10 10 10 10 10 10 10 10,10 10 10 10 10 10 10 10 10 10 10 10 10 10 10 10 10 10 10 10 10 10 10 10 10 10 10 10 10 10 10 10 10 10 10 10 10 10 10 10,6.222279499997967,0.3776282051282051,0.5356055115381736,0.7272642163322005,-0.0815021447172513,0.0
semeion,HCAKC,Qwen2-VL,imagen,1593,10,161 162 159 159 161 159 161 158 155 158,162 161 161 158 159 159 161 159 158 155,30.664561099998537,0.0401879132292143,0.0786404381372422,0.0889502262485766,-0.0633517661388825,0.0
retinamnist,HCAKC,Qwen2-VL,imagen,1600,5,714 186 326 282 92,714 326 282 186 92,32.360135100010666,0.0056938489879664,6.932330672075292e-05,0.0036655870266159,-0.089530160459403,0.0
digits,HCAKC,Qwen2-VL,imagen,1797,10,178 182 177 183 181 182 181 179 174 180,182 181 183 182 174 181 180 178 179 177,31.397930100007216,0.089690722109896,0.1345934279023867,0.1431643292864626,-0.0262881992001121,0.0
dermamnist,HCAKC,Qwen2-VL,imagen,2005,7,66 103 220 23 223 1341 29,66 1341 220 103 223 29 23,30.861360499999137,0.0291044139551859,0.0073133862375346,0.0156376958374256,-0.2532328044080594,0.0
lfw,HCAKC,Qwen2-VL,imagen,2370,34,39 35 36 77 42 236 31 121 530 109 44 30 39 71 52 55 42 53 31 60 32 41 41 48 33 37 30 32 52 33 33 144 32 49,236 530 52 53 144 77 121 49 48 30 109 44 71 60 42 52 41 55 32 33 32 41 36 42 32 39 30 37 35 39 31 31 33 33,88.1159547999996,0.0415302338964095,0.1510542441083248,0.2198616491738101,-0.1297256062741195,0.0
bloodmnist,HCAKC,Qwen2-VL,imagen,3421,8,244 624 311 579 243 284 666 470,666 470 624 579 243 311 244 284,108.04098499999964,0.0120658320513127,0.0172064084707052,0.0207399072850534,-0.088674547399379,0.0
stl10,HCAKC,Qwen2-VL,imagen,5000,10,500 500 500 500 500 500 500 500 500 500,500 500 500 500 500 500 500 500 500 500,139.13996489999408,0.3336696988643954,0.4433795480613092,0.4453456520144376,0.0118498863656175,0.0
pathmnist,HCAKC,Qwen2-VL,imagen,7180,9,1338 847 339 634 1035 592 741 421 1233,847 1233 1338 634 1035 741 421 592 339,321.9091552000027,0.0446866260346315,0.0631729840878575,0.0651569015717088,0.1127772356746077,0.0
oxfordpet,HCAKC,Qwen2-VL,imagen,7349,37,198 200 200 200 200 200 200 184 199 200 200 190 196 200 200 200 200 200 199 200 200 200 196 200 200 200 200 200 200 200 199 200 199 200 189 200 200,189 200 200 200 200 200 200 200 200 200 200 200 200 200 199 200 200 200 200 200 200 200 200 200 200 199 200 200 199 196 200 190 200 196 198 184 199,580.1636746000004,0.1931508604204335,0.4287611585515193,0.4433200740396679,-0.049860238720863,0.0
organcmnist,HCAKC,Qwen2-VL,imagen,8216,11,828 431 421 421 727 735 1835 549 557 750 962,750 1835 735 962 828 549 557 431 727 421 421,547.9064498999942,0.0409512409279025,0.0685689722374023,0.0710562923042763,-0.035234194588332,0.0
organsmnist,HCAKC,Qwen2-VL,imagen,8827,11,811 439 445 510 704 693 2078 397 439 1343 968,704 968 811 1343 693 2078 397 439 510 445 439,470.58275700001104,0.0555171145335908,0.0755468439293219,0.0778917643213065,0.0215823996163627,0.0
usps,HCAKC,Qwen2-VL,imagen,9298,10,1553 1269 929 824 852 716 834 792 708 821,929 1553 1269 852 834 824 821 708 792 716,470.74036769999657,0.1422590035978575,0.2074641732021312,0.2089896526195712,-0.0421686533579198,0.0
cifar100,HCAKC,Qwen2-VL,imagen,9998,20,499 500 500 500 500 500 500 500 500 500 500 500 500 500 499 500 500 500 500 500,500 500 500 500 500 500 500 500 500 500 500 500 500 500 500 500 500 499 499 500,1204.771808999998,0.2417663904664062,0.3756463558329627,0.3794377335355871,-0.0051516702338711,0.0
cifar10,HCAKC,Qwen2-VL,imagen,10000,10,1000 1000 1000 1000 1000 1000 1000 1000 1000 1000,1000 1000 1000 1000 1000 1000 1000 1000 1000 1000,1062.8475923000078,0.4170277169169169,0.4835437361214709,0.4844539745714044,0.0700483035770428,0.0
fashionmnist,HCAKC,Qwen2-VL,imagen,10000,10,1000 1000 1000 1000 1000 1000 1000 1000 1000 1000,1000 1000 1000 1000 1000 1000 1000 1000 1000 1000,2823.3229548999952,0.2423513813813813,0.3368680255278152,0.3380367754545018,0.0023940090879125,0.0
mnist,HCAKC,Qwen2-VL,imagen,10000,10,980 1135 1032 1010 982 892 958 1028 974 1009,980 1135 1032 1028 1009 974 982 1010 958 892,497.9167297000095,0.1329308808961273,0.1774717225079193,0.178922518663837,-0.0099361789731555,0.0
orl,K-MedoidsSC,Qwen2-VL,imagen,400,40,10 10 10 10 10 10 10 10 10 10 10 10 10 10 10 10 10 10 10 10 10 10 10 10 10 10 10 10 10 10 10 10 10 10 10 10 10 10 10 10,10 10 10 10 10 10 10 10 10 10 10 10 10 10 10 10 10 10 10 10 10 10 10 10 10 10 10 10 10 10 10 10 10 10 10 10 10 10 10 10,0.9233104000013554,0.003068376068376,0.0067680079835045,0.4166814799981937,-0.2517202424569383,0.0
semeion,K-MedoidsSC,Qwen2-VL,imagen,1593,10,161 162 159 159 161 159 161 158 155 158,161 162 159 159 161 159 161 158 155 158,5.739486900012707,0.0097997342251227,0.0185028862135552,0.0294855988198762,-0.1215127150380733,0.0
retinamnist,K-MedoidsSC,Qwen2-VL,imagen,1600,5,714 186 326 282 92,714 186 326 282 92,4.768894399996498,0.0019737388792977,0.0033756209464016,0.0069599935237147,-0.0227675706439922,0.0
digits,K-MedoidsSC,Qwen2-VL,imagen,1797,10,178 182 177 183 181 182 181 179 174 180,178 182 177 183 181 182 181 179 174 180,8.443069700006163,0.0236871969892208,0.0468984956500558,0.0563379189987802,-0.1875522127948086,0.0
dermamnist,K-MedoidsSC,Qwen2-VL,imagen,2005,7,66 103 220 23 223 1341 29,66 103 220 23 223 1341 29,9.82076080000843,-0.0558370747800798,0.0038249604926512,0.0121785227645478,-0.1149197542042723,0.0
lfw,K-MedoidsSC,Qwen2-VL,imagen,2370,34,39 35 36 77 42 236 31 121 530 109 44 30 39 71 52 55 42 53 31 60 32 41 41 48 33 37 30 32 52 33 33 144 32 49,39 35 36 77 42 236 31 121 530 109 44 30 39 71 52 55 42 53 31 60 32 41 41 48 33 37 30 32 52 33 33 144 32 49,38.310974899999565,0.0283316240921638,0.044965225069881,0.1223711890601483,-0.1958192842128327,0.0
bloodmnist,K-MedoidsSC,Qwen2-VL,imagen,3421,8,244 624 311 579 243 284 666 470,244 624 311 579 243 284 666 470,24.314416299996083,0.0163896960424276,0.0237269048264276,0.0272369600954165,-0.1732124568998235,0.0
stl10,K-MedoidsSC,Qwen2-VL,imagen,5000,10,500 500 500 500 500 500 500 500 500 500,500 500 500 500 500 500 500 500 500 500,67.3648886999872,0.0105956047205522,0.0218122751717274,0.0252674460084943,-0.0837601248529697,0.0
pathmnist,K-MedoidsSC,Qwen2-VL,imagen,7180,9,1338 847 339 634 1035 592 741 421 1233,1338 847 339 634 1035 592 741 421 1233,121.98300719998952,0.0186771319385055,0.0263703818374926,0.0284322361493981,-0.0725755643554541,0.0
oxfordpet,K-MedoidsSC,Qwen2-VL,imagen,7349,37,198 200 200 200 200 200 200 184 199 200 200 190 196 200 200 200 200 200 199 200 200 200 196 200 200 200 200 200 200 200 199 200 199 200 189 200 200,198 200 200 200 200 200 200 184 199 200 200 190 196 200 200 200 200 200 199 200 200 200 196 200 200 200 200 200 200 200 199 200 199 200 189 200 200,542.6553375000076,0.002592055451829,0.0133488953752836,0.0384952422379999,-0.1046341418955871,0.0
organcmnist,K-MedoidsSC,Qwen2-VL,imagen,8216,11,828 431 421 421 727 735 1835 549 557 750 962,828 431 421 421 727 735 1835 549 557 750 962,181.3494586999877,0.0075141783142748,0.0241036457692632,0.0267097073161907,-0.2143513972803759,0.0
organsmnist,K-MedoidsSC,Qwen2-VL,imagen,8827,11,811 439 445 510 704 693 2078 397 439 1343 968,811 439 445 510 704 693 2078 397 439 1343 968,279.76861559999816,0.0006040081056097,0.0177056803931901,0.0201973177096412,-0.2433871850420854,0.0
usps,K-MedoidsSC,Qwen2-VL,imagen,9298,10,1553 1269 929 824 852 716 834 792 708 821,1553 1269 929 824 852 716 834 792 708 821,269.4549985000049,0.0396387741074101,0.0650571152697844,0.0668567009527439,-0.095731422174382,0.0
cifar100,K-MedoidsSC,Qwen2-VL,imagen,9998,20,499 500 500 500 500 500 500 500 500 500 500 500 500 500 499 500 500 500 500 500,499 500 500 500 500 500 500 500 500 500 500 500 500 500 499 500 500 500 500 500,519.2193453000073,0.0141799136509143,0.0435862386367648,0.0493940461881301,-0.1217705551502298,0.0
cifar10,K-MedoidsSC,Qwen2-VL,imagen,10000,10,1000 1000 1000 1000 1000 1000 1000 1000 1000 1000,1000 1000 1000 1000 1000 1000 1000 1000 1000 1000,312.9322933999938,0.0093158506506506,0.0168884080842988,0.0186211123501288,-0.0790100567386714,0.0
fashionmnist,K-MedoidsSC,Qwen2-VL,imagen,10000,10,1000 1000 1000 1000 1000 1000 1000 1000 1000 1000,1000 1000 1000 1000 1000 1000 1000 1000 1000 1000,2509.831591000009,0.0152689867867867,0.0300765443946327,0.0317860049715151,-0.0913396179722349,0.0
mnist,K-MedoidsSC,Qwen2-VL,imagen,10000,10,980 1135 1032 1010 982 892 958 1028 974 1009,980 1135 1032 1010 982 892 958 1028 974 1009,367.1323859999975,0.0157121914991269,0.0297686654752921,0.0314799840147242,-0.1248929429850639,0.0
orl,MILP-KM,Qwen2-VL,imagen,400,40,10 10 10 10 10 10 10 10 10 10 10 10 10 10 10 10 10 10 10 10 10 10 10 10 10 10 10 10 10 10 10 10 10 10 10 10 10 10 10 10,10 10 10 10 10 10 10 10 10 10 10 10 10 10 10 10 10 10 10 10 10 10 10 10 10 10 10 10 10 10 10 10 10 10 10 10 10 10 10 10,1.9250283000001216,0.2690683760683761,0.4057222202625505,0.6509846262174656,0.1372792947678246,0.0
semeion,MILP-KM,Qwen2-VL,imagen,1593,10,161 162 159 159 161 159 161 158 155 158,161 162 159 159 161 159 161 158 155 158,6.545939899995574,0.0772771656097515,0.1351930935927172,0.1448700713235954,0.1259964719601365,0.0
retinamnist,MILP-KM,Qwen2-VL,imagen,1600,5,714 186 326 282 92,714 186 326 282 92,5.57687900000019,0.0032734904643961,0.018479362338032,0.022009414112446,0.0983162837844318,0.0
digits,MILP-KM,Qwen2-VL,imagen,1797,10,178 182 177 183 181 182 181 179 174 180,178 182 177 183 181 182 181 179 174 180,12.14501089999976,0.1256140655359732,0.1905160046768705,0.1985330543730447,0.1647941287140563,0.0
dermamnist,MILP-KM,Qwen2-VL,imagen,2005,7,66 103 220 23 223 1341 29,66 103 220 23 223 1341 29,10.345337599996128,0.1024103557137929,0.0230844992582804,0.0312765580292599,0.099597533970349,0.0
lfw,MILP-KM,Qwen2-VL,imagen,2370,34,39 35 36 77 42 236 31 121 530 109 44 30 39 71 52 55 42 53 31 60 32 41 41 48 33 37 30 32 52 33 33 144 32 49,39 35 36 77 42 236 31 121 530 109 44 30 39 71 52 55 42 53 31 60 32 41 41 48 33 37 30 32 52 33 33 144 32 49,75.16865830001188,0.0804720781386661,0.2390786647592326,0.3007516540798389,0.0447124011575154,0.0
bloodmnist,MILP-KM,Qwen2-VL,imagen,3421,8,244 624 311 579 243 284 666 470,244 624 311 579 243 284 666 470,23.41402559999551,0.032669814847393,0.0494094950330125,0.0528272120909807,0.0641983377729377,0.0
stl10,MILP-KM,Qwen2-VL,imagen,5000,10,500 500 500 500 500 500 500 500 500 500,500 500 500 500 500 500 500 500 500 500,53.02271950000432,0.6602870610554442,0.7216194426990178,0.7226027431010731,0.2563851782287267,0.0
pathmnist,MILP-KM,Qwen2-VL,imagen,7180,9,1338 847 339 634 1035 592 741 421 1233,1338 847 339 634 1035 592 741 421 1233,89.096080599993,0.02510457194093,0.0521738196762016,0.0541810300777564,0.1661475720757058,0.0
oxfordpet,MILP-KM,Qwen2-VL,imagen,7349,37,198 200 200 200 200 200 200 184 199 200 200 190 196 200 200 200 200 200 199 200 200 200 196 200 200 200 200 200 200 200 199 200 199 200 189 200 200,198 200 200 200 200 200 200 184 199 200 200 190 196 200 200 200 200 200 199 200 200 200 196 200 200 200 200 200 200 200 199 200 199 200 189 200 200,556.7308559999947,0.212562548775415,0.434842125572121,0.4492460581030276,0.0892951003073762,0.0
organcmnist,MILP-KM,Qwen2-VL,imagen,8216,11,828 431 421 421 727 735 1835 549 557 750 962,828 431 421 421 727 735 1835 549 557 750 962,146.27799190000223,0.0658745766812654,0.1352636840161127,0.1375729006163671,0.1659719859443313,0.0
organsmnist,MILP-KM,Qwen2-VL,imagen,8827,11,811 439 445 510 704 693 2078 397 439 1343 968,811 439 445 510 704 693 2078 397 439 1343 968,150.18554179999046,0.1189225997395048,0.1424131366341454,0.1445884474225819,0.1268853719715063,0.0
usps,MILP-KM,Qwen2-VL,imagen,9298,10,1553 1269 929 824 852 716 834 792 708 821,1553 1269 929 824 852 716 834 792 708 821,151.62040739999793,0.2029356226845732,0.3326523203494231,0.3339368366011319,0.1628089001041551,0.0
cifar100,MILP-KM,Qwen2-VL,imagen,9998,20,499 500 500 500 500 500 500 500 500 500 500 500 500 500 499 500 500 500 500 500,499 500 500 500 500 500 500 500 500 500 500 500 500 500 499 500 500 500 500 500,562.7796533000073,0.2882682655901286,0.4601241727642808,0.463402560249787,0.1027837045718883,0.0
cifar10,MILP-KM,Qwen2-VL,imagen,10000,10,1000 1000 1000 1000 1000 1000 1000 1000 1000 1000,1000 1000 1000 1000 1000 1000 1000 1000 1000 1000,191.459033200008,0.5804719425425425,0.6538785678426774,0.6544885963347894,0.2012311197612498,0.0
fashionmnist,MILP-KM,Qwen2-VL,imagen,10000,10,1000 1000 1000 1000 1000 1000 1000 1000 1000 1000,1000 1000 1000 1000 1000 1000 1000 1000 1000 1000,2385.771359599996,-4.613153153153153e-05,-9.159181721815792e-05,0.001671039181757,-0.0164975746622987,0.0
mnist,MILP-KM,Qwen2-VL,imagen,10000,10,980 1135 1032 1010 982 892 958 1028 974 1009,980 1135 1032 1010 982 892 958 1028 974 1009,168.0712160999974,0.1193196839890424,0.1799781366641021,0.1814245119434099,0.1643379838775288,0.0
orl,K-MeansPSO,Qwen2-VL,imagen,400,40,10 10 10 10 10 10 10 10 10 10 10 10 10 10 10 10 10 10 10 10 10 10 10 10 10 10 10 10 10 10 10 10 10 10 10 10 10 10 10 10,10 10 10 10 10 10 10 10 10 10 10 10 10 10 10 10 10 10 10 10 10 10 10 10 10 10 10 10 10 10 10 10 10 10 10 10 10 10 10 10,0.849377500009723,0.1485726495726495,0.2756059573647567,0.574568213423901,-0.2237570041526029,0.0
semeion,K-MeansPSO,Qwen2-VL,imagen,1593,10,161 162 159 159 161 159 161 158 155 158,161 162 159 159 161 159 161 158 155 158,11.343828299999586,0.001989153298832,0.0039048429312509,0.015050904070881,-0.087956275429236,0.0
retinamnist,K-MeansPSO,Qwen2-VL,imagen,1600,5,714 186 326 282 92,714 186 326 282 92,13.52324399999634,-0.0017463712293708,0.0010744332988441,0.0046670821275439,-0.0247414522682019,0.0
digits,K-MeansPSO,Qwen2-VL,imagen,1797,10,178 182 177 183 181 182 181 179 174 180,178 182 177 183 181 182 181 179 174 180,15.413978699987638,0.002333725478205,0.0044465070162956,0.0143063706758163,-0.1104439806783741,0.0
dermamnist,K-MeansPSO,Qwen2-VL,imagen,2005,7,66 103 220 23 223 1341 29,66 103 220 23 223 1341 29,29.16622830000415,0.015439132625995,-0.0019061439225541,0.0064954773105896,0.0039302215222641,0.0
lfw,K-MeansPSO,Qwen2-VL,imagen,2370,34,39 35 36 77 42 236 31 121 530 109 44 30 39 71 52 55 42 53 31 60 32 41 41 48 33 37 30 32 52 33 33 144 32 49,39 35 36 77 42 236 31 121 530 109 44 30 39 71 52 55 42 53 31 60 32 41 41 48 33 37 30 32 52 33 33 144 32 49,26.17326559999492,0.0055511406537547,0.0013770751436585,0.0823158767354031,-0.1128588541073434,0.0
bloodmnist,K-MeansPSO,Qwen2-VL,imagen,3421,8,244 624 311 579 243 284 666 470,244 624 311 579 243 284 666 470,51.20036380000238,-0.0001543270857988,-0.0001442139929914,0.0034516665914783,-0.0623731451793462,0.0
stl10,K-MeansPSO,Qwen2-VL,imagen,5000,10,500 500 500 500 500 500 500 500 500 500,500 500 500 500 500 500 500 500 500 500,113.1643643999996,0.0010397340458695,0.0020015630902525,0.0055267096514148,-0.0421802934739785,0.0
pathmnist,K-MeansPSO,Qwen2-VL,imagen,7180,9,1338 847 339 634 1035 592 741 421 1233,1338 847 339 634 1035 592 741 421 1233,219.57232810001005,-0.0008946102026812,-0.0004564122172782,0.0016622531652486,-0.0468252199968359,0.0
oxfordpet,K-MeansPSO,Qwen2-VL,imagen,7349,37,198 200 200 200 200 200 200 184 199 200 200 190 196 200 200 200 200 200 199 200 200 200 196 200 200 200 200 200 200 200 199 200 199 200 189 200 200,198 200 200 200 200 200 200 184 199 200 200 190 196 200 200 200 200 200 199 200 200 200 196 200 200 200 200 200 200 200 199 200 199 200 189 200 200,171.8562444999989,0.0730038132994659,0.2739822028751525,0.2924859021761843,-0.1011672858581925,0.0
organcmnist,K-MeansPSO,Qwen2-VL,imagen,8216,11,828 431 421 421 727 735 1835 549 557 750 962,828 431 421 421 727 735 1835 549 557 750 962,292.1588120000088,0.0006791241926922,0.0002099077777141,0.0028797758462278,-0.0759085474272264,0.0
organsmnist,K-MeansPSO,Qwen2-VL,imagen,8827,11,811 439 445 510 704 693 2078 397 439 1343 968,811 439 445 510 704 693 2078 397 439 1343 968,358.17483660001017,0.0011108010853597,-0.0004436223206901,0.0020940515848023,-0.055858990699911,0.0
usps,K-MeansPSO,Qwen2-VL,imagen,9298,10,1553 1269 929 824 852 716 834 792 708 821,1553 1269 929 824 852 716 834 792 708 821,361.7435884000006,0.0006133407885076,0.0010638660112647,0.0029866264218494,-0.0542578568803303,0.0
cifar100,K-MeansPSO,Qwen2-VL,imagen,9998,20,499 500 500 500 500 500 500 500 500 500 500 500 500 500 499 500 500 500 500 500,499 500 500 500 500 500 500 500 500 500 500 500 500 500 499 500 500 500 500 500,454.8680795999972,-0.0001034562583533,-0.0003068944704468,0.005767453442644,-0.0306511041019682,0.0
cifar10,K-MeansPSO,Qwen2-VL,imagen,10000,10,1000 1000 1000 1000 1000 1000 1000 1000 1000 1000,1000 1000 1000 1000 1000 1000 1000 1000 1000 1000,455.3828947000002,0.0005083675675675,0.0010151701918845,0.0027758505564961,-0.0341732185530753,0.0
fashionmnist,K-MeansPSO,Qwen2-VL,imagen,10000,10,1000 1000 1000 1000 1000 1000 1000 1000 1000 1000,1000 1000 1000 1000 1000 1000 1000 1000 1000 1000,2632.939736100001,0.0002321189189189,0.0004417240911659,0.0022034151370807,-0.0344125672270357,0.0
mnist,K-MeansPSO,Qwen2-VL,imagen,10000,10,980 1135 1032 1010 982 892 958 1028 974 1009,980 1135 1032 1010 982 892 958 1028 974 1009,453.36461950000376,0.0001094041541662,0.0001887297597666,0.0019522221371113,-0.039713635743111,0.0
orl,SCK,Qwen2-VL,imagen,400,40,10 10 10 10 10 10 10 10 10 10 10 10 10 10 10 10 10 10 10 10 10 10 10 10 10 10 10 10 10 10 10 10 10 10 10 10 10 10 10 10,10 10 10 10 10 10 10 10 10 10 10 10 10 10 10 10 10 10 10 10 10 10 10 10 10 10 10 10 10 10 10 10 10 10 10 10 10 10 10 10,0.534321799990721,0.2196196581196581,0.3503876428105597,0.6184869981872918,0.0660805989927406,0.0
semeion,SCK,Qwen2-VL,imagen,1593,10,161 162 159 159 161 159 161 158 155 158,161 162 159 159 161 159 161 158 155 158,0.6964718999952311,0.0883986579546276,0.1407574767566646,0.1503721904011154,0.0655827194164978,0.0
retinamnist,SCK,Qwen2-VL,imagen,1600,5,714 186 326 282 92,714 186 326 282 92,0.5664643999916734,0.0146663276721939,0.0229125713248902,0.0264266790053648,0.0415867478521914,0.0
digits,SCK,Qwen2-VL,imagen,1797,10,178 182 177 183 181 182 181 179 174 180,178 182 177 183 181 182 181 179 174 180,1.4739096999983303,0.0991296756761318,0.1685074161622317,0.1767424367495957,0.0515330684094382,0.0
dermamnist,SCK,Qwen2-VL,imagen,2005,7,66 103 220 23 223 1341 29,66 103 220 23 223 1341 29,1.3077054000023054,0.0835519880667175,0.0203194315178098,0.0285346771431472,0.0442614287608128,0.0
lfw,SCK,Qwen2-VL,imagen,2370,34,39 35 36 77 42 236 31 121 530 109 44 30 39 71 52 55 42 53 31 60 32 41 41 48 33 37 30 32 52 33 33 144 32 49,39 35 36 77 42 236 31 121 530 109 44 30 39 71 52 55 42 53 31 60 32 41 41 48 33 37 30 32 52 33 33 144 32 49,11.057068900001468,0.0529848832460402,0.1962304074672065,0.2613762657848973,-0.0578781160534164,0.0
bloodmnist,SCK,Qwen2-VL,imagen,3421,8,244 624 311 579 243 284 666 470,244 624 311 579 243 284 666 470,2.7476796000119066,0.0394229875826325,0.0586716437451923,0.0620560600248742,-0.0216367456629355,0.0
stl10,SCK,Qwen2-VL,imagen,5000,10,500 500 500 500 500 500 500 500 500 500,500 500 500 500 500 500 500 500 500 500,6.929915300002904,0.4027416087285682,0.5052175679956045,0.5069652466734433,0.1295497405275975,0.0
pathmnist,SCK,Qwen2-VL,imagen,7180,9,1338 847 339 634 1035 592 741 421 1233,1338 847 339 634 1035 592 741 421 1233,11.289549799999804,0.0316327253462483,0.0591523194868058,0.0611447515274144,0.06904182027916,0.0
oxfordpet,SCK,Qwen2-VL,imagen,7349,37,198 200 200 200 200 200 200 184 199 200 200 190 196 200 200 200 200 200 199 200 200 200 196 200 200 200 200 200 200 200 199 200 199 200 189 200 200,198 200 200 200 200 200 200 184 199 200 200 190 196 200 200 200 200 200 199 200 200 200 196 200 200 200 200 200 200 200 199 200 199 200 189 200 200,71.64801430000807,0.1499488542039721,0.3483566381398787,0.3649647886110161,0.0311856328993868,0.0
organcmnist,SCK,Qwen2-VL,imagen,8216,11,828 431 421 421 727 735 1835 549 557 750 962,828 431 421 421 727 735 1835 549 557 750 962,16.78082610000274,0.0669869888068818,0.1294787415133037,0.1318034063895378,0.0970964925987473,0.0
organsmnist,SCK,Qwen2-VL,imagen,8827,11,811 439 445 510 704 693 2078 397 439 1343 968,811 439 445 510 704 693 2078 397 439 1343 968,18.15356399999291,0.1262077783018303,0.1496185482843312,0.1517755821956753,0.0838039370782618,0.0
usps,SCK,Qwen2-VL,imagen,9298,10,1553 1269 929 824 852 716 834 792 708 821,1553 1269 929 824 852 716 834 792 708 821,18.389470399997663,0.1962052451716535,0.3121540766146591,0.3134780480529395,0.1055927155630412,0.0
cifar100,SCK,Qwen2-VL,imagen,9998,20,499 500 500 500 500 500 500 500 500 500 500 500 500 500 499 500 500 500 500 500,499 500 500 500 500 500 500 500 500 500 500 500 500 500 499 500 500 500 500 500,45.255598100004136,0.151151712668551,0.3257150003929195,0.329809585467593,0.0063813498287943,0.0
cifar10,SCK,Qwen2-VL,imagen,10000,10,1000 1000 1000 1000 1000 1000 1000 1000 1000 1000,1000 1000 1000 1000 1000 1000 1000 1000 1000 1000,22.51371509999444,0.2997147913913914,0.4338303765761294,0.4348282333095429,0.0777007306066937,0.0
fashionmnist,SCK,Qwen2-VL,imagen,10000,10,1000 1000 1000 1000 1000 1000 1000 1000 1000 1000,1000 1000 1000 1000 1000 1000 1000 1000 1000 1000,23.81618490000256,0.2547505417417417,0.3626698071750101,0.3637930822466612,0.1303668090484294,0.0
mnist,SCK,Qwen2-VL,imagen,10000,10,980 1135 1032 1010 982 892 958 1028 974 1009,980 1135 1032 1010 982 892 958 1028 974 1009,12.037655899999663,0.1409038945863004,0.2101896510661761,0.2115827385131281,0.0828525816922972,0.0
orl,K-MeansACO,InternVL2,imagen,400,40,10 10 10 10 10 10 10 10 10 10 10 10 10 10 10 10 10 10 10 10 10 10 10 10 10 10 10 10 10 10 10 10 10 10 10 10 10 10 10 10,10 10 10 10 10 10 10 10 10 10 10 10 10 10 10 10 10 10 10 10 10 10 10 10 10 10 10 10 10 10 10 10 10 10 10 10 10 10 10 10,12.241519499992137,0.6612478632478632,0.7526961041501065,0.8547600724932701,0.2482456983461561,0.0
semeion,K-MeansACO,InternVL2,imagen,1593,10,161 162 159 159 161 159 161 158 155 158,161 162 159 159 161 159 161 158 155 158,59.6311207000108,0.232925224745168,0.3281287809391729,0.3356468555251866,0.1109350964777138,0.0
retinamnist,K-MeansACO,InternVL2,imagen,1600,5,714 186 326 282 92,714 186 326 282 92,58.80382279999321,0.0993712528207021,0.0619887962475363,0.0653623657754416,0.0745357863416848,0.0
digits,K-MeansACO,InternVL2,imagen,1797,10,178 182 177 183 181 182 181 179 174 180,178 182 177 183 181 182 181 179 174 180,67.63328189999447,0.3773678988590137,0.4536937224474796,0.459104285969149,0.149954683002866,0.0
dermamnist,K-MeansACO,InternVL2,imagen,2005,7,66 103 220 23 223 1341 29,66 103 220 23 223 1341 29,81.26885100000072,0.0878669198957975,0.0418553477074535,0.0498900009571161,-0.0735498487100781,0.0
lfw,K-MeansACO,InternVL2,imagen,2370,34,39 35 36 77 42 236 31 121 530 109 44 30 39 71 52 55 42 53 31 60 32 41 41 48 33 37 30 32 52 33 33 144 32 49,39 35 36 77 42 236 31 121 530 109 44 30 39 71 52 55 42 53 31 60 32 41 41 48 33 37 30 32 52 33 33 144 32 49,114.02134189999197,0.1087817089275024,0.3408805086204263,0.3943024163396963,-0.0557603620526816,0.0
bloodmnist,K-MeansACO,InternVL2,imagen,3421,8,244 624 311 579 243 284 666 470,244 624 311 579 243 284 666 470,167.46743950000382,0.1912568675456042,0.2807309375199012,0.2833169702345794,0.0284495677358145,0.0
stl10,K-MeansACO,InternVL2,imagen,5000,10,500 500 500 500 500 500 500 500 500 500,500 500 500 500 500 500 500 500 500 500,303.04657200000656,0.6566823490536629,0.7351325109894873,0.7360680803085538,0.1459519654022578,0.0
pathmnist,K-MeansACO,InternVL2,imagen,7180,9,1338 847 339 634 1035 592 741 421 1233,1338 847 339 634 1035 592 741 421 1233,561.9718013999955,0.2875688558583227,0.4310339012307969,0.4322388000775363,0.0837283950597765,0.0
oxfordpet,K-MeansACO,InternVL2,imagen,7349,37,198 200 200 200 200 200 200 184 199 200 200 190 196 200 200 200 200 200 199 200 200 200 196 200 200 200 200 200 200 200 199 200 199 200 189 200 200,198 200 200 200 200 200 200 184 199 200 200 190 196 200 200 200 200 200 199 200 200 200 196 200 200 200 200 200 200 200 199 200 199 200 189 200 200,638.0073460999993,0.1000664316612791,0.2807603586477017,0.2990913060455054,0.0218760625569252,0.0
organcmnist,K-MeansACO,InternVL2,imagen,8216,11,828 431 421 421 727 735 1835 549 557 750 962,828 431 421 421 727 735 1835 549 557 750 962,696.0090468999988,0.0942132537236244,0.1893281653498483,0.1914930066122427,0.0395884241849007,0.0
organsmnist,K-MeansACO,InternVL2,imagen,8827,11,811 439 445 510 704 693 2078 397 439 1343 968,811 439 445 510 704 693 2078 397 439 1343 968,798.5674299999955,0.0797226697846479,0.165999289634414,0.1681147729986315,0.0523639742905764,0.0
usps,K-MeansACO,InternVL2,imagen,9298,10,1553 1269 929 824 852 716 834 792 708 821,1553 1269 929 824 852 716 834 792 708 821,863.4360099000041,0.4866986800700436,0.6125829533181437,0.613328656806485,0.2033193491748918,0.0
cifar100,K-MeansACO,InternVL2,imagen,9998,20,499 500 500 500 500 500 500 500 500 500 500 500 500 500 499 500 500 500 500 500,499 500 500 500 500 500 500 500 500 500 500 500 500 500 499 500 500 500 500 500,1084.3364013999962,0.2462816150094481,0.386573627288655,0.3902986493069094,0.0481833610637943,0.0
cifar10,K-MeansACO,InternVL2,imagen,10000,10,1000 1000 1000 1000 1000 1000 1000 1000 1000 1000,1000 1000 1000 1000 1000 1000 1000 1000 1000 1000,994.9362961000006,0.4273289889889889,0.5310879672987008,0.531914410487899,0.1038886212832878,0.0
fashionmnist,K-MeansACO,InternVL2,imagen,10000,10,1000 1000 1000 1000 1000 1000 1000 1000 1000 1000,1000 1000 1000 1000 1000 1000 1000 1000 1000 1000,999.8884592999966,0.2937507565565566,0.421419673673927,0.4224394038935626,0.1183969411547587,0.0
mnist,K-MeansACO,InternVL2,imagen,10000,10,980 1135 1032 1010 982 892 958 1028 974 1009,980 1135 1032 1010 982 892 958 1028 974 1009,954.0924074000068,0.4543756174971223,0.5178193985018408,0.5186698808284115,0.1519753690011511,0.0
orl,K-MeansBA,InternVL2,imagen,400,40,10 10 10 10 10 10 10 10 10 10 10 10 10 10 10 10 10 10 10 10 10 10 10 10 10 10 10 10 10 10 10 10 10 10 10 10 10 10 10 10,10 10 10 10 10 10 10 10 10 10 10 10 10 10 10 10 10 10 10 10 10 10 10 10 10 10 10 10 10 10 10 10 10 10 10 10 10 10 10 10,9.541293000002042,0.6487435897435897,0.7382588662593544,0.8462811790353079,0.2190536286125232,0.0
semeion,K-MeansBA,InternVL2,imagen,1593,10,161 162 159 159 161 159 161 158 155 158,161 162 159 159 161 159 161 158 155 158,38.092181999993045,0.2190123522947291,0.3203886444650821,0.327993329284824,0.0614646509296382,0.0
retinamnist,K-MeansBA,InternVL2,imagen,1600,5,714 186 326 282 92,714 186 326 282 92,34.37398399999074,0.0736811481768221,0.0791366815356263,0.082448578470449,0.0478525705154948,0.0
digits,K-MeansBA,InternVL2,imagen,1797,10,178 182 177 183 181 182 181 179 174 180,178 182 177 183 181 182 181 179 174 180,42.70749699999578,0.4128279383371512,0.4953626011692409,0.5003604802234888,0.1507429685757205,0.0
dermamnist,K-MeansBA,InternVL2,imagen,2005,7,66 103 220 23 223 1341 29,66 103 220 23 223 1341 29,60.64356799999951,0.0550359168484497,0.0050468850795685,0.0133902007354352,-0.0135264817829527,0.0
lfw,K-MeansBA,InternVL2,imagen,2370,34,39 35 36 77 42 236 31 121 530 109 44 30 39 71 52 55 42 53 31 60 32 41 41 48 33 37 30 32 52 33 33 144 32 49,39 35 36 77 42 236 31 121 530 109 44 30 39 71 52 55 42 53 31 60 32 41 41 48 33 37 30 32 52 33 33 144 32 49,103.1793936000031,0.1448896174310095,0.3943968095527488,0.4434811989202261,-0.0670117745494325,0.0
bloodmnist,K-MeansBA,InternVL2,imagen,3421,8,244 624 311 579 243 284 666 470,244 624 311 579 243 284 666 470,113.31634000000486,0.0001623581021144,-0.0006683747250779,0.0029293904070133,-0.0179772004669405,0.0
stl10,K-MeansBA,InternVL2,imagen,5000,10,500 500 500 500 500 500 500 500 500 500,500 500 500 500 500 500 500 500 500 500,203.52454859999125,0.6577901212202182,0.7360901942292883,0.7370223808037987,0.1460173375457246,0.0
pathmnist,K-MeansBA,InternVL2,imagen,7180,9,1338 847 339 634 1035 592 741 421 1233,1338 847 339 634 1035 592 741 421 1233,403.0263186999946,-0.0007832411155222,-0.0002350472380192,0.001883149360148,-0.0124703053407499,0.0
oxfordpet,K-MeansBA,InternVL2,imagen,7349,37,198 200 200 200 200 200 200 184 199 200 200 190 196 200 200 200 200 200 199 200 200 200 196 200 200 200 200 200 200 200 199 200 199 200 189 200 200,198 200 200 200 200 200 200 184 199 200 200 190 196 200 200 200 200 200 199 200 200 200 196 200 200 200 200 200 200 200 199 200 199 200 189 200 200,538.456643700003,0.0926503489882369,0.2634101744155423,0.2821833184001525,0.0035090473613866,0.0
organcmnist,K-MeansBA,InternVL2,imagen,8216,11,828 431 421 421 727 735 1835 549 557 750 962,828 431 421 421 727 735 1835 549 557 750 962,512.8450122000067,0.1086215699610746,0.1982964079971887,0.200437300207816,0.0308692761412608,0.0
organsmnist,K-MeansBA,InternVL2,imagen,8827,11,811 439 445 510 704 693 2078 397 439 1343 968,811 439 445 510 704 693 2078 397 439 1343 968,584.726723300002,0.0010834451125114,-0.000367899363074,0.0021695824674536,-0.013975700938893,0.0
usps,K-MeansBA,InternVL2,imagen,9298,10,1553 1269 929 824 852 716 834 792 708 821,1553 1269 929 824 852 716 834 792 708 821,610.808239799997,0.486562900425518,0.599535306094238,0.6003061238002753,0.1897639906922264,0.0
cifar100,K-MeansBA,InternVL2,imagen,9998,20,499 500 500 500 500 500 500 500 500 500 500 500 500 500 499 500 500 500 500 500,499 500 500 500 500 500 500 500 500 500 500 500 500 500 499 500 500 500 500 500,851.4146699999983,0.2518058966496406,0.3885904496194367,0.392303224515749,0.0502512551884567,0.0
cifar10,K-MeansBA,InternVL2,imagen,10000,10,1000 1000 1000 1000 1000 1000 1000 1000 1000 1000,1000 1000 1000 1000 1000 1000 1000 1000 1000 1000,720.6709308999998,0.486613239039039,0.5576226787435278,0.5584023553112244,0.1157169166166801,0.0
fashionmnist,K-MeansBA,InternVL2,imagen,10000,10,1000 1000 1000 1000 1000 1000 1000 1000 1000 1000,1000 1000 1000 1000 1000 1000 1000 1000 1000 1000,723.3981586000009,0.2982301217217217,0.4224146227900352,0.4234325994421288,0.1185773515077613,0.0
mnist,K-MeansBA,InternVL2,imagen,10000,10,980 1135 1032 1010 982 892 958 1028 974 1009,980 1135 1032 1010 982 892 958 1028 974 1009,675.7349802999961,0.5084651916004702,0.5841786954204482,0.5849121315426349,0.1640017935474791,0.0
bloodmnist,CSCLP,InternVL2,imagen,3421,8,244 624 311 579 243 284 666 470,244 624 311 579 243 284 666 470,5.474496800001361,0.2280826324015079,0.3179606944745379,0.320412872732704,0.1265974736154503,0.0
cifar10,CSCLP,InternVL2,imagen,10000,10,1000 1000 1000 1000 1000 1000 1000 1000 1000 1000,1000 1000 1000 1000 1000 1000 1000 1000 1000 1000,53.148571300000185,0.4751647121121121,0.5642461508279902,0.5650141537276824,0.1342110886449417,0.0
cifar100,CSCLP,InternVL2,imagen,9998,20,499 500 500 500 500 500 500 500 500 500 500 500 500 500 499 500 500 500 500 500,499 500 500 500 500 500 500 500 500 500 500 500 500 500 499 500 500 500 500 500,118.89079599999968,0.2773159235636752,0.4249060720789783,0.4283983209280154,0.0599975069149204,0.0
dermamnist,CSCLP,InternVL2,imagen,2005,7,66 103 220 23 223 1341 29,66 103 220 23 223 1341 29,1.5241348999988986,0.1324152979517155,0.0781734927633816,0.0859035952320143,-0.0058052611901239,0.0
digits,CSCLP,InternVL2,imagen,1797,10,178 182 177 183 181 182 181 179 174 180,178 182 177 183 181 182 181 179 174 180,1.676241500001197,0.4413522485647871,0.5344760937486334,0.5390865966279208,0.2002353783278296,0.0
fashionmnist,CSCLP,InternVL2,imagen,10000,10,1000 1000 1000 1000 1000 1000 1000 1000 1000 1000,1000 1000 1000 1000 1000 1000 1000 1000 1000 1000,75.41530860000057,0.3364674276276276,0.4762769749879901,0.4772000208833024,0.1728978231069324,0.0
lfw,CSCLP,InternVL2,imagen,2370,34,39 35 36 77 42 236 31 121 530 109 44 30 39 71 52 55 42 53 31 60 32 41 41 48 33 37 30 32 52 33 33 144 32 49,39 35 36 77 42 236 31 121 530 109 44 30 39 71 52 55 42 53 31 60 32 41 41 48 33 37 30 32 52 33 33 144 32 49,9.534234099999594,0.1004334891376548,0.4163371534708195,0.4636432688781883,-0.0125870904700378,0.0
mnist,CSCLP,InternVL2,imagen,10000,10,980 1135 1032 1010 982 892 958 1028 974 1009,980 1135 1032 1010 982 892 958 1028 974 1009,61.96617640000113,0.750335003202041,0.7651199032317934,0.7655341906804047,0.2487049258417829,0.0
organcmnist,CSCLP,InternVL2,imagen,8216,11,828 431 421 421 727 735 1835 549 557 750 962,828 431 421 421 727 735 1835 549 557 750 962,50.7671205000006,0.0833138298080031,0.2021531933466381,0.204283786287317,0.0721342196733781,0.0
organsmnist,CSCLP,InternVL2,imagen,8827,11,811 439 445 510 704 693 2078 397 439 1343 968,811 439 445 510 704 693 2078 397 439 1343 968,47.1228818999989,0.068129397153419,0.1746116078430255,0.176705245643239,0.0595722084559296,0.0
orl,CSCLP,InternVL2,imagen,400,40,10 10 10 10 10 10 10 10 10 10 10 10 10 10 10 10 10 10 10 10 10 10 10 10 10 10 10 10 10 10 10 10 10 10 10 10 10 10 10 10,10 10 10 10 10 10 10 10 10 10 10 10 10 10 10 10 10 10 10 10 10 10 10 10 10 10 10 10 10 10 10 10 10 10 10 10 10 10 10 10,0.4019660000012663,0.7078547008547008,0.7860261813912657,0.8743346044094108,0.291551955960426,0.0
oxfordpet,CSCLP,InternVL2,imagen,7349,37,198 200 200 200 200 200 200 184 199 200 200 190 196 200 200 200 200 200 199 200 200 200 196 200 200 200 200 200 200 200 199 200 199 200 189 200 200,198 200 200 200 200 200 200 184 199 200 200 190 196 200 200 200 200 200 199 200 200 200 196 200 200 200 200 200 200 200 199 200 199 200 189 200 200,122.85759959999996,0.1195219770484743,0.2953728090627504,0.3133313353028331,0.0366259963289459,0.0
pathmnist,CSCLP,InternVL2,imagen,7180,9,1338 847 339 634 1035 592 741 421 1233,1338 847 339 634 1035 592 741 421 1233,25.216049300001032,0.3306326007550421,0.4599925116307979,0.461136084861917,0.1323955693962614,0.0
retinamnist,CSCLP,InternVL2,imagen,1600,5,714 186 326 282 92,714 186 326 282 92,0.9647361999996064,0.0107022759170552,0.0732342051087104,0.0765673303769831,-0.0186072493616663,0.0
semeion,CSCLP,InternVL2,imagen,1593,10,161 162 159 159 161 159 161 158 155 158,161 162 159 159 161 159 161 158 155 158,1.482969000000594,0.3147734205849337,0.4050820776656033,0.4117390636858087,0.1373674378768756,0.0
stl10,CSCLP,InternVL2,imagen,5000,10,500 500 500 500 500 500 500 500 500 500,500 500 500 500 500 500 500 500 500 500,12.022598800002015,0.7226464415052327,0.7751270525838816,0.7759213525226039,0.1801065139380169,0.0
usps,CSCLP,InternVL2,imagen,9298,10,1553 1269 929 824 852 716 834 792 708 821,1553 1269 929 824 852 716 834 792 708 821,57.30633820000003,0.6832145130822787,0.7595653285496053,0.7600281191644075,0.3449742215418048,0.0
orl,HCAKC,InternVL2,imagen,400,40,10 10 10 10 10 10 10 10 10 10 10 10 10 10 10 10 10 10 10 10 10 10 10 10 10 10 10 10 10 10 10 10 10 10 10 10 10 10 10 10,10 10 10 10 10 10 10 10 10 10 10 10 10 10 10 10 10 10 10 10 10 10 10 10 10 10 10 10 10 10 10 10 10 10 10 10 10 10 10 10,5.380685299998731,0.6225982905982906,0.7281542934917113,0.8403468308875951,0.1065959212519384,0.0
semeion,HCAKC,InternVL2,imagen,1593,10,161 162 159 159 161 159 161 158 155 158,162 161 161 161 158 159 159 159 158 155,20.57197920000181,0.1732319574404052,0.2901230929440808,0.2980664418816871,-0.0144297747276708,0.0
retinamnist,HCAKC,InternVL2,imagen,1600,5,714 186 326 282 92,714 326 282 186 92,10.404291400001966,0.0345628182124096,0.0821787755282302,0.0854797315323334,0.009904384562566,0.0
digits,HCAKC,InternVL2,imagen,1797,10,178 182 177 183 181 182 181 179 174 180,178 183 182 182 181 180 179 181 174 177,21.936074999990524,0.4430187597805108,0.5043422680448425,0.5092512133635098,0.1155978850021269,0.0
dermamnist,HCAKC,InternVL2,imagen,2005,7,66 103 220 23 223 1341 29,223 1341 103 220 29 66 23,22.51149640000949,0.1005682270929599,0.0884178982615776,0.0960620948643998,-0.0870915355505955,0.0
lfw,HCAKC,InternVL2,imagen,2370,34,39 35 36 77 42 236 31 121 530 109 44 30 39 71 52 55 42 53 31 60 32 41 41 48 33 37 30 32 52 33 33 144 32 49,144 530 236 52 77 121 109 48 55 44 49 60 53 42 37 71 52 42 32 31 31 39 41 33 36 30 41 35 30 33 39 33 32 32,49.6937190000026,0.1706923050663367,0.3169171182867719,0.3722812687158817,-0.0355972546055177,0.0
bloodmnist,HCAKC,InternVL2,imagen,3421,8,244 624 311 579 243 284 666 470,666 624 311 470 284 579 244 243,60.27461360000598,0.2544452853251701,0.3054836891247847,0.3079807267348941,0.0186171785952131,0.0
stl10,HCAKC,InternVL2,imagen,5000,10,500 500 500 500 500 500 500 500 500 500,500 500 500 500 500 500 500 500 500 500,112.49233160000584,0.4758652576263638,0.618680743459886,0.6200276456354641,0.0692735140996936,0.0
pathmnist,HCAKC,InternVL2,imagen,7180,9,1338 847 339 634 1035 592 741 421 1233,1338 1035 1233 741 847 592 421 634 339,339.9294430000009,0.3210012371062942,0.3040002616052601,0.3054741794431364,0.0340369269319052,0.0
oxfordpet,HCAKC,InternVL2,imagen,7349,37,198 200 200 200 200 200 200 184 199 200 200 190 196 200 200 200 200 200 199 200 200 200 196 200 200 200 200 200 200 200 199 200 199 200 189 200 200,184 200 200 200 200 200 200 200 200 200 200 200 200 200 200 200 200 200 200 199 200 200 199 200 200 200 200 200 196 200 200 196 189 199 199 198 190,367.9660138000036,0.1150867578229902,0.3331968230667587,0.3501913451401944,-0.0424010671007425,0.0
organcmnist,HCAKC,InternVL2,imagen,8216,11,828 431 421 421 727 735 1835 549 557 750 962,1835 828 421 962 750 727 421 735 431 549 557,263.13561749999644,0.1262735715425412,0.1970973890420554,0.1992414831472071,0.0201982930129095,0.0
organsmnist,HCAKC,InternVL2,imagen,8827,11,811 439 445 510 704 693 2078 397 439 1343 968,1343 2078 704 968 811 693 510 445 439 397 439,282.65358279999055,0.0898205611759536,0.1588535224916853,0.1609871314418012,0.0117315246097915,0.0
usps,HCAKC,InternVL2,imagen,9298,10,1553 1269 929 824 852 716 834 792 708 821,792 1269 708 929 1553 834 852 824 821 716,198.94016869999177,0.7719712308748483,0.7880812631736073,0.7884891660850817,0.2937056943291371,0.0
cifar100,HCAKC,InternVL2,imagen,9998,20,499 500 500 500 500 500 500 500 500 500 500 500 500 500 499 500 500 500 500 500,500 500 500 500 499 500 500 500 500 500 500 500 500 500 500 500 500 500 499 500,726.3788131000038,0.1844569272201712,0.3223607331505161,0.3264756869603614,-0.0050659580210484,0.0
cifar10,HCAKC,InternVL2,imagen,10000,10,1000 1000 1000 1000 1000 1000 1000 1000 1000 1000,1000 1000 1000 1000 1000 1000 1000 1000 1000 1000,378.404944199996,0.3083527885885886,0.4236837650272955,0.4246995048548144,0.0359303987937022,0.0
fashionmnist,HCAKC,InternVL2,imagen,10000,10,1000 1000 1000 1000 1000 1000 1000 1000 1000 1000,1000 1000 1000 1000 1000 1000 1000 1000 1000 1000,409.55369800000335,0.2417848714714714,0.370406453506648,0.3715160929745566,0.0282274090836234,0.0
mnist,HCAKC,InternVL2,imagen,10000,10,980 1135 1032 1010 982 892 958 1028 974 1009,982 1135 1028 892 1009 1032 980 958 974 1010,336.8857183999935,0.71995471236981,0.7523637325522726,0.7528005196569961,0.2092474909374855,0.0
orl,K-MedoidsSC,InternVL2,imagen,400,40,10 10 10 10 10 10 10 10 10 10 10 10 10 10 10 10 10 10 10 10 10 10 10 10 10 10 10 10 10 10 10 10 10 10 10 10 10 10 10 10,10 10 10 10 10 10 10 10 10 10 10 10 10 10 10 10 10 10 10 10 10 10 10 10 10 10 10 10 10 10 10 10 10 10 10 10 10 10 10 10,0.6824780000024475,0.0059102564102564,0.0137707239355445,0.4207941283401424,-0.2456764514596876,0.0
semeion,K-MedoidsSC,InternVL2,imagen,1593,10,161 162 159 159 161 159 161 158 155 158,161 162 159 159 161 159 161 158 155 158,4.519658299992443,0.0267505440144233,0.0499186519680024,0.0605498298405558,-0.0884941636177397,0.0
retinamnist,K-MedoidsSC,InternVL2,imagen,1600,5,714 186 326 282 92,714 186 326 282 92,3.2486948000005214,0.0539409327538763,0.0156541815485478,0.0191943941225174,-0.0364564329478694,0.0
digits,K-MedoidsSC,InternVL2,imagen,1797,10,178 182 177 183 181 182 181 179 174 180,178 182 177 183 181 182 181 179 174 180,5.461355200008256,0.0137987694436403,0.0298865491085738,0.0394944570989214,-0.097154268432056,0.0
dermamnist,K-MedoidsSC,InternVL2,imagen,2005,7,66 103 220 23 223 1341 29,66 103 220 23 223 1341 29,5.533173999996507,-0.1120509368975022,0.0365555047355568,0.04463460054455,-0.1378160062714075,0.0
lfw,K-MedoidsSC,InternVL2,imagen,2370,34,39 35 36 77 42 236 31 121 530 109 44 30 39 71 52 55 42 53 31 60 32 41 41 48 33 37 30 32 52 33 33 144 32 49,39 35 36 77 42 236 31 121 530 109 44 30 39 71 52 55 42 53 31 60 32 41 41 48 33 37 30 32 52 33 33 144 32 49,26.153747299991664,0.0373734645173697,0.04842119237929,0.1255470487880054,-0.1094007562780297,0.0
bloodmnist,K-MedoidsSC,InternVL2,imagen,3421,8,244 624 311 579 243 284 666 470,244 624 311 579 243 284 666 470,20.040279099994223,0.0118644313835608,0.0229366489160001,0.0264495454411252,-0.0781452798254094,0.0
stl10,K-MedoidsSC,InternVL2,imagen,5000,10,500 500 500 500 500 500 500 500 500 500,500 500 500 500 500 500 500 500 500 500,45.35645730000397,0.0341856308171899,0.0624538096764845,0.0657654258138638,-0.049189769216774,0.0
pathmnist,K-MedoidsSC,InternVL2,imagen,7180,9,1338 847 339 634 1035 592 741 421 1233,1338 847 339 634 1035 592 741 421 1233,96.85791990000872,0.0610324456974636,0.0773397358263445,0.0792936523964882,-0.1098456974585344,0.0
oxfordpet,K-MedoidsSC,InternVL2,imagen,7349,37,198 200 200 200 200 200 200 184 199 200 200 190 196 200 200 200 200 200 199 200 200 200 196 200 200 200 200 200 200 200 199 200 199 200 189 200 200,198 200 200 200 200 200 200 184 199 200 200 190 196 200 200 200 200 200 199 200 200 200 196 200 200 200 200 200 200 200 199 200 199 200 189 200 200,314.17888329998823,0.0032032244168718,0.0159531183929216,0.0410330925581337,-0.0805881079843072,0.0
organcmnist,K-MedoidsSC,InternVL2,imagen,8216,11,828 431 421 421 727 735 1835 549 557 750 962,828 431 421 421 727 735 1835 549 557 750 962,201.50594190000265,0.0114115551431633,0.0302522287815947,0.0328418709765212,-0.112026204066522,0.0
organsmnist,K-MedoidsSC,InternVL2,imagen,8827,11,811 439 445 510 704 693 2078 397 439 1343 968,811 439 445 510 704 693 2078 397 439 1343 968,201.90138680000385,0.0016715985287499,0.0084949527386118,0.0110099535137307,-0.1037633517321584,0.0
usps,K-MedoidsSC,InternVL2,imagen,9298,10,1553 1269 929 824 852 716 834 792 708 821,1553 1269 929 824 852 716 834 792 708 821,262.24539580001147,0.0499734620775837,0.0706459499048605,0.0724347781533735,-0.0739480932860355,0.0
cifar100,K-MedoidsSC,InternVL2,imagen,9998,20,499 500 500 500 500 500 500 500 500 500 500 500 500 500 499 500 500 500 500 500,499 500 500 500 500 500 500 500 500 500 500 500 500 500 499 500 500 500 500 500,448.0050611000042,0.0093207403273715,0.0271503249905258,0.0330579393694843,-0.087576022659399,0.0
cifar10,K-MedoidsSC,InternVL2,imagen,10000,10,1000 1000 1000 1000 1000 1000 1000 1000 1000 1000,1000 1000 1000 1000 1000 1000 1000 1000 1000 1000,264.43684520000534,0.018668491091091,0.0347576491299317,0.0364588594021586,-0.0623875538849908,0.0
fashionmnist,K-MedoidsSC,InternVL2,imagen,10000,10,1000 1000 1000 1000 1000 1000 1000 1000 1000 1000,1000 1000 1000 1000 1000 1000 1000 1000 1000 1000,340.9979069999972,0.0210105991991992,0.0407368341315591,0.0424275062721602,-0.0384601534878943,0.0
mnist,K-MedoidsSC,InternVL2,imagen,10000,10,980 1135 1032 1010 982 892 958 1028 974 1009,980 1135 1032 1010 982 892 958 1028 974 1009,282.6111710999976,0.0208337408126486,0.0374353008737465,0.0391330968079755,-0.0827106204849549,0.0
orl,MILP-KM,InternVL2,imagen,400,40,10 10 10 10 10 10 10 10 10 10 10 10 10 10 10 10 10 10 10 10 10 10 10 10 10 10 10 10 10 10 10 10 10 10 10 10 10 10 10 10,10 10 10 10 10 10 10 10 10 10 10 10 10 10 10 10 10 10 10 10 10 10 10 10 10 10 10 10 10 10 10 10 10 10 10 10 10 10 10 10,2.625877300000866,0.6441965811965812,0.7441539352802279,0.8497433137271063,0.2931629211004808,0.0
semeion,MILP-KM,InternVL2,imagen,1593,10,161 162 159 159 161 159 161 158 155 158,161 162 159 159 161 159 161 158 155 158,6.144768900005147,0.2624064253553386,0.3793417765805419,0.3862867902732148,0.1595293845622165,0.0
retinamnist,MILP-KM,InternVL2,imagen,1600,5,714 186 326 282 92,714 186 326 282 92,3.45948390000558,0.0727244395320722,0.0989564226017179,0.102197037579306,0.1148474951842374,0.0
digits,MILP-KM,InternVL2,imagen,1797,10,178 182 177 183 181 182 181 179 174 180,178 182 177 183 181 182 181 179 174 180,7.430949600005988,0.4272249356447725,0.5330407650602011,0.5376654832933337,0.2236966668087459,0.0
dermamnist,MILP-KM,InternVL2,imagen,2005,7,66 103 220 23 223 1341 29,66 103 220 23 223 1341 29,6.65255050000269,-0.1323941839529197,0.0670265414525384,0.0748501182085443,-0.0260222104149988,0.0
lfw,MILP-KM,InternVL2,imagen,2370,34,39 35 36 77 42 236 31 121 530 109 44 30 39 71 52 55 42 53 31 60 32 41 41 48 33 37 30 32 52 33 33 144 32 49,39 35 36 77 42 236 31 121 530 109 44 30 39 71 52 55 42 53 31 60 32 41 41 48 33 37 30 32 52 33 33 144 32 49,43.57906830000866,0.1429227074864578,0.4684253481054208,0.5115096937678093,0.0468002958708728,0.0
bloodmnist,MILP-KM,InternVL2,imagen,3421,8,244 624 311 579 243 284 666 470,244 624 311 579 243 284 666 470,16.734059599999455,0.2047326556733897,0.3265396880625553,0.3289610217324653,0.0899517457150469,0.0
stl10,MILP-KM,InternVL2,imagen,5000,10,500 500 500 500 500 500 500 500 500 500,500 500 500 500 500 500 500 500 500 500,40.29451940000581,0.9095607323090624,0.9091092913995852,0.909430337061597,0.2011196601927371,0.0
pathmnist,MILP-KM,InternVL2,imagen,7180,9,1338 847 339 634 1035 592 741 421 1233,1338 847 339 634 1035 592 741 421 1233,77.57130800001323,0.4457951115124255,0.5036224641759476,0.5046736423072202,0.2022390448448986,0.0
oxfordpet,MILP-KM,InternVL2,imagen,7349,37,198 200 200 200 200 200 200 184 199 200 200 190 196 200 200 200 200 200 199 200 200 200 196 200 200 200 200 200 200 200 199 200 199 200 189 200 200,198 200 200 200 200 200 200 184 199 200 200 190 196 200 200 200 200 200 199 200 200 200 196 200 200 200 200 200 200 200 199 200 199 200 189 200 200,321.26381020000554,0.0988271168154979,0.2736412616572674,0.2921536503785862,0.0642171084473056,0.0
organcmnist,MILP-KM,InternVL2,imagen,8216,11,828 431 421 421 727 735 1835 549 557 750 962,828 431 421 421 727 735 1835 549 557 750 962,135.8572126000072,0.0929335571966185,0.2118695208562695,0.2139741670379606,0.1129390030367857,0.0
organsmnist,MILP-KM,InternVL2,imagen,8827,11,811 439 445 510 704 693 2078 397 439 1343 968,811 439 445 510 704 693 2078 397 439 1343 968,155.2220984000014,0.0930674321602246,0.2057578374297702,0.207772471303812,0.1120410626071566,0.0
usps,MILP-KM,InternVL2,imagen,9298,10,1553 1269 929 824 852 716 834 792 708 821,1553 1269 929 824 852 716 834 792 708 821,149.13642789999722,0.4808198796882422,0.6268402852626808,0.6275585461223185,0.2666417775971822,0.0
cifar100,MILP-KM,InternVL2,imagen,9998,20,499 500 500 500 500 500 500 500 500 500 500 500 500 500 499 500 500 500 500 500,499 500 500 500 500 500 500 500 500 500 500 500 500 500 499 500 500 500 500 500,373.1418870000052,0.2911907751667774,0.4479238181679743,0.451276292115236,0.0834781355953061,0.0
cifar10,MILP-KM,InternVL2,imagen,10000,10,1000 1000 1000 1000 1000 1000 1000 1000 1000 1000,1000 1000 1000 1000 1000 1000 1000 1000 1000 1000,179.55083559999184,0.5005520074074075,0.6002612487199154,0.6009657761054698,0.1543999774100351,0.0
fashionmnist,MILP-KM,InternVL2,imagen,10000,10,1000 1000 1000 1000 1000 1000 1000 1000 1000 1000,1000 1000 1000 1000 1000 1000 1000 1000 1000 1000,182.938702799991,0.3052124064064064,0.4718663611249863,0.4727971805930224,0.1768234500025351,0.0
mnist,MILP-KM,InternVL2,imagen,10000,10,980 1135 1032 1010 982 892 958 1028 974 1009,980 1135 1032 1010 982 892 958 1028 974 1009,172.6133434999938,0.6127006271008583,0.6812627441812676,0.6818249410055514,0.2236539260123669,0.0
orl,K-MeansPSO,InternVL2,imagen,400,40,10 10 10 10 10 10 10 10 10 10 10 10 10 10 10 10 10 10 10 10 10 10 10 10 10 10 10 10 10 10 10 10 10 10 10 10 10 10 10 10,10 10 10 10 10 10 10 10 10 10 10 10 10 10 10 10 10 10 10 10 10 10 10 10 10 10 10 10 10 10 10 10 10 10 10 10 10 10 10 10,0.6919024000089848,0.1747179487179487,0.3252773801488435,0.6037399085139603,-0.2348046340633683,0.0
semeion,K-MeansPSO,InternVL2,imagen,1593,10,161 162 159 159 161 159 161 158 155 158,161 162 159 159 161 159 161 158 155 158,9.98800549999578,0.0026407688439792,0.0051327955928953,0.0162651162426273,-0.0683725676832323,0.0
retinamnist,K-MeansPSO,InternVL2,imagen,1600,5,714 186 326 282 92,714 186 326 282 92,10.911837599996945,0.0031362732882567,-0.0011910825242975,0.0024097142616072,-0.0174870502982524,0.0
digits,K-MeansPSO,InternVL2,imagen,1797,10,178 182 177 183 181 182 181 179 174 180,178 182 177 183 181 182 181 179 174 180,12.768502200007788,0.002617239834407,0.0051638176259923,0.0150165771119422,-0.0766322453032413,0.0
dermamnist,K-MeansPSO,InternVL2,imagen,2005,7,66 103 220 23 223 1341 29,66 103 220 23 223 1341 29,20.411726399994222,0.0083380561006172,0.0006792266953453,0.0090591679489714,-0.0370944282158028,0.0
lfw,K-MeansPSO,InternVL2,imagen,2370,34,39 35 36 77 42 236 31 121 530 109 44 30 39 71 52 55 42 53 31 60 32 41 41 48 33 37 30 32 52 33 33 144 32 49,39 35 36 77 42 236 31 121 530 109 44 30 39 71 52 55 42 53 31 60 32 41 41 48 33 37 30 32 52 33 33 144 32 49,23.228125399997225,0.0070325161535556,0.0054477151487353,0.0860565896824067,-0.0738450450400401,0.0
bloodmnist,K-MeansPSO,InternVL2,imagen,3421,8,244 624 311 579 243 284 666 470,244 624 311 579 243 284 666 470,43.45978689999902,-0.0013460634508411,-0.0013807165403382,0.0022196097185056,-0.0389295224782371,0.0
stl10,K-MeansPSO,InternVL2,imagen,5000,10,500 500 500 500 500 500 500 500 500 500,500 500 500 500 500 500 500 500 500 500,99.49786080000922,0.0009711661545312,0.0018326780188401,0.0053584211186407,-0.0257318952743305,0.0
pathmnist,K-MeansPSO,InternVL2,imagen,7180,9,1338 847 339 634 1035 592 741 421 1233,1338 847 339 634 1035 592 741 421 1233,187.27078859999887,-0.0010080416803431,5.657324372033319e-05,0.002174152277532,-0.0387026689422787,0.0
oxfordpet,K-MeansPSO,InternVL2,imagen,7349,37,198 200 200 200 200 200 200 184 199 200 200 190 196 200 200 200 200 200 199 200 200 200 196 200 200 200 200 200 200 200 199 200 199 200 189 200 200,198 200 200 200 200 200 200 184 199 200 200 190 196 200 200 200 200 200 199 200 200 200 196 200 200 200 200 200 200 200 199 200 199 200 189 200 200,134.61714290000964,0.0941910040876155,0.3381752332913182,0.3550428727922368,-0.080570965070147,0.0
organcmnist,K-MeansPSO,InternVL2,imagen,8216,11,828 431 421 421 727 735 1835 549 557 750 962,828 431 421 421 727 735 1835 549 557 750 962,280.9597565000004,0.0024090897095009,0.0005302351430057,0.0031992478001578,-0.031332707219406,0.0
organsmnist,K-MeansPSO,InternVL2,imagen,8827,11,811 439 445 510 704 693 2078 397 439 1343 968,811 439 445 510 704 693 2078 397 439 1343 968,295.4384180000052,0.0011157534597547,0.0007884448831044,0.0033229935902118,-0.0242095957628656,0.0
usps,K-MeansPSO,InternVL2,imagen,9298,10,1553 1269 929 824 852 716 834 792 708 821,1553 1269 929 824 852 716 834 792 708 821,314.9536191000079,0.0005653476281869,0.0026117896789656,0.0045315706334613,-0.0401154187743743,0.0
cifar100,K-MeansPSO,InternVL2,imagen,9998,20,499 500 500 500 500 500 500 500 500 500 500 500 500 500 499 500 500 500 500 500,499 500 500 500 500 500 500 500 500 500 500 500 500 500 499 500 500 500 500 500,434.6799564000103,-8.024499095754455e-05,-0.0002799637132507,0.0057942206632398,-0.0269847087209581,0.0
cifar10,K-MeansPSO,InternVL2,imagen,10000,10,1000 1000 1000 1000 1000 1000 1000 1000 1000 1000,1000 1000 1000 1000 1000 1000 1000 1000 1000 1000,403.2741347000119,0.0002781603603603,0.00052737904224,0.0022889191239099,-0.0146639616011394,0.0
fashionmnist,K-MeansPSO,InternVL2,imagen,10000,10,1000 1000 1000 1000 1000 1000 1000 1000 1000 1000,1000 1000 1000 1000 1000 1000 1000 1000 1000 1000,426.0661691999994,0.0001380342342342,0.0002996798480076,0.0020616212425788,-0.0216306051926118,0.0
mnist,K-MeansPSO,InternVL2,imagen,10000,10,980 1135 1032 1010 982 892 958 1028 974 1009,980 1135 1032 1010 982 892 958 1028 974 1009,372.675101300003,0.0001952141630126,0.0003603037467864,0.0021234934975982,-0.0264102682071223,0.0
orl,SCK,InternVL2,imagen,400,40,10 10 10 10 10 10 10 10 10 10 10 10 10 10 10 10 10 10 10 10 10 10 10 10 10 10 10 10 10 10 10 10 10 10 10 10 10 10 10 10,10 10 10 10 10 10 10 10 10 10 10 10 10 10 10 10 10 10 10 10 10 10 10 10 10 10 10 10 10 10 10 10 10 10 10 10 10 10 10 10,0.4773991999973077,0.4009316239316239,0.5364070672044902,0.7277349646253819,0.1036593390509041,0.0
semeion,SCK,InternVL2,imagen,1593,10,161 162 159 159 161 159 161 158 155 158,161 162 159 159 161 159 161 158 155 158,0.7689624000049662,0.1726331755881078,0.2671026395238735,0.2753035817039153,0.0832110907193852,0.0
retinamnist,SCK,InternVL2,imagen,1600,5,714 186 326 282 92,714 186 326 282 92,0.3632171000062953,0.0610038057368303,0.0496831926968808,0.0531010194884466,0.0327535036610837,0.0
digits,SCK,InternVL2,imagen,1797,10,178 182 177 183 181 182 181 179 174 180,178 182 177 183 181 182 181 179 174 180,1.098145600000862,0.2324989778241111,0.3382160227300259,0.3447702660066793,0.0950264541499299,0.0
dermamnist,SCK,InternVL2,imagen,2005,7,66 103 220 23 223 1341 29,66 103 220 23 223 1341 29,0.6506553000072017,-0.1178108320217968,0.0592422402038384,0.0671310932844312,-0.118205067036675,0.0
lfw,SCK,InternVL2,imagen,2370,34,39 35 36 77 42 236 31 121 530 109 44 30 39 71 52 55 42 53 31 60 32 41 41 48 33 37 30 32 52 33 33 144 32 49,39 35 36 77 42 236 31 121 530 109 44 30 39 71 52 55 42 53 31 60 32 41 41 48 33 37 30 32 52 33 33 144 32 49,6.650207300001057,0.0803184907122653,0.3437086933125081,0.3969013754913268,-0.0255675814500782,0.0
bloodmnist,SCK,InternVL2,imagen,3421,8,244 624 311 579 243 284 666 470,244 624 311 579 243 284 666 470,1.7410118999978297,0.1063644026329959,0.1934203589719188,0.1963203048301486,0.0165079014453724,0.0
stl10,SCK,InternVL2,imagen,5000,10,500 500 500 500 500 500 500 500 500 500,500 500 500 500 500 500 500 500 500 500,3.878633000000264,0.4118148326875974,0.521979818647286,0.5236682894265384,0.085058619170006,0.0
pathmnist,SCK,InternVL2,imagen,7180,9,1338 847 339 634 1035 592 741 421 1233,1338 847 339 634 1035 592 741 421 1233,6.741489599997294,0.2503681434297222,0.337266036329308,0.3386695072746759,0.0199958765673247,0.0
oxfordpet,SCK,InternVL2,imagen,7349,37,198 200 200 200 200 200 200 184 199 200 200 190 196 200 200 200 200 200 199 200 200 200 196 200 200 200 200 200 200 200 199 200 199 200 189 200 200,198 200 200 200 200 200 200 184 199 200 200 190 196 200 200 200 200 200 199 200 200 200 196 200 200 200 200 200 200 200 199 200 199 200 189 200 200,39.52591630000097,0.0799883993652441,0.2318576106842019,0.2514349211145569,0.0150284203728804,0.0
organcmnist,SCK,InternVL2,imagen,8216,11,828 431 421 421 727 735 1835 549 557 750 962,828 431 421 421 727 735 1835 549 557 750 962,8.359328000005917,0.0798611846803696,0.1833762280140534,0.1855569635002076,0.0681472288001111,0.0
organsmnist,SCK,InternVL2,imagen,8827,11,811 439 445 510 704 693 2078 397 439 1343 968,811 439 445 510 704 693 2078 397 439 1343 968,10.666683300005388,0.0657973004681012,0.1410008909208078,0.143179783939182,0.0346910542693296,0.0
usps,SCK,InternVL2,imagen,9298,10,1553 1269 929 824 852 716 834 792 708 821,1553 1269 929 824 852 716 834 792 708 821,9.511893900009454,0.3275562545063737,0.4775471182372564,0.4785527398013078,0.1190098703005003,0.0
cifar100,SCK,InternVL2,imagen,9998,20,499 500 500 500 500 500 500 500 500 500 500 500 500 500 499 500 500 500 500 500,499 500 500 500 500 500 500 500 500 500 500 500 500 500 499 500 500 500 500 500,30.555873600009363,0.1463891826219833,0.3071937960907991,0.3114008508878373,0.0170514296556562,0.0
cifar10,SCK,InternVL2,imagen,10000,10,1000 1000 1000 1000 1000 1000 1000 1000 1000 1000,1000 1000 1000 1000 1000 1000 1000 1000 1000 1000,10.59716639999533,0.2949558412412412,0.4076106766187743,0.4086547447755283,0.085441420345222,0.0
fashionmnist,SCK,InternVL2,imagen,10000,10,1000 1000 1000 1000 1000 1000 1000 1000 1000 1000,1000 1000 1000 1000 1000 1000 1000 1000 1000 1000,12.940298000001349,0.225006436036036,0.3681651162409129,0.3692787059975511,0.1103588371180648,0.0
mnist,SCK,InternVL2,imagen,10000,10,980 1135 1032 1010 982 892 958 1028 974 1009,980 1135 1032 1010 982 892 958 1028 974 1009,10.662009000006949,0.3140409977583921,0.4273036702027306,0.428313806457634,0.0719860633779659,0.0
scotus,K-MeansACO,CLIP,texto,1400,13,372 222 88 51 28 17 24 260 200 83 15 37 3,372 222 88 51 28 17 24 260 200 83 15 37 3,107.57084759999998,-0.0019462204949878,0.0019680419754707,0.0264000562508055,-0.0508326166383451,0.0
emotion,K-MeansACO,CLIP,texto,2000,6,581 695 159 275 224 66,581 695 159 275 224 66,117.77223140000024,0.0020287934744255,0.0016699401087843,0.0057439813562831,-0.0150874516743587,0.0
bbc_news,K-MeansACO,CLIP,texto,2110,5,339 503 502 366 400,339 503 502 366 400,83.21558060000007,0.6626825352485416,0.6694995867766509,0.6702869522331139,0.0417573466576227,0.0
goemotions,K-MeansACO,CLIP,texto,4543,28,346 185 129 193 234 85 97 175 56 88 194 76 23 55 65 257 2 92 156 12 107 7 89 7 44 102 87 1580,346 185 129 193 234 85 97 175 56 88 194 76 23 55 65 257 2 92 156 12 107 7 89 7 44 102 87 1580,273.44935779999923,-0.0059015787089213,0.001729237565095,0.0309209661054346,-0.0211997403022261,0.0
patent,K-MeansACO,CLIP,texto,4986,9,752 648 394 44 156 357 1106 1032 497,752 648 394 44 156 357 1106 1032 497,271.16684050000003,0.040566515375984,0.0706499794253204,0.0737193650165663,0.0015551204734172,0.0
tweeteval_emoji,K-MeansACO,CLIP,texto,4995,20,1056 520 503 308 242 238 204 199 176 171 159 143 129 153 129 148 137 121 129 130,1056 520 503 308 242 238 204 199 176 171 159 143 129 153 129 148 137 121 129 130,290.5720997000008,0.0021010592960588,0.0003349777181772,0.0140318406980962,-0.0262820674259165,0.0
trec,K-MeansACO,CLIP,texto,5871,6,93 1339 1286 1280 904 969,93 1339 1286 1280 904 969,362.2134661,0.0006683449710983,0.0009812688024541,0.0022822406296829,-0.0043983389327233,0.0
20ng,K-MeansACO,CLIP,texto,7254,20,310 381 378 382 369 380 372 370 384 380 389 378 380 380 372 381 353 368 303 244,310 381 378 382 369 380 372 370 384 380 389 378 380 380 372 381 353 368 303 244,595.620401799999,0.1470600821488135,0.2863122178131223,0.2923156599554879,-0.0321459767312592,0.0
ag_news,K-MeansACO,CLIP,texto,7600,4,1900 1900 1900 1900,1900 1900 1900 1900,569.6854535999992,0.5435326265172368,0.5189291826276554,0.5191347673481165,0.0327339474235578,0.0
reuters_r10,K-MeansACO,CLIP,texto,7921,10,3904 2279 363 306 294 256 144 142 122 111,3904 2279 363 306 294 256 144 142 122 111,654.7972443999988,0.0668263657754259,0.0261277688827017,0.0296673035849368,-0.0348763203425942,0.0
sst5,K-MeansACO,CLIP,texto,8503,5,1089 2207 1607 2315 1285,1089 2207 1607 2315 1285,719.2968435999992,0.0014716514114575,0.002074838097729,0.002674149516743,-0.020420693478262,0.0
meld_e,K-MeansACO,CLIP,texto,9957,7,2949 1676 1485 1239 994 830 784,2949 1676 1485 1239 994 830 784,907.1318431,0.0015426377709811,0.0011775245860014,0.0021600120354219,-0.0159137863496839,0.0
liar,K-MeansACO,CLIP,texto,9990,6,1318 2874 1569 1614 1490 1125,1318 2874 1569 1614 1490 1125,948.2783247999996,0.0001053983894729,-0.0002223064754266,0.0004974117304503,-0.0094063581869282,0.0
dbpedia14,K-MeansACO,CLIP,texto,9994,14,714 713 713 714 714 714 714 714 714 714 714 714 714 714,714 713 713 714 714 714 714 714 714 714 714 714 714 714,1078.7629995999996,0.4154226920646875,0.5871176743906267,0.5884455277563538,0.0420167936616769,0.0
yahoo,K-MeansACO,CLIP,texto,10000,10,1000 1000 1000 1000 1000 1000 1000 1000 1000 1000,1000 1000 1000 1000 1000 1000 1000 1000 1000 1000,878.9821463999997,0.0915560964964965,0.1367861563285576,0.1383075444614536,-0.0298427912542552,0.0
scotus,K-MeansBA,CLIP,texto,1400,13,372 222 88 51 28 17 24 260 200 83 15 37 3,372 222 88 51 28 17 24 260 200 83 15 37 3,62.35284289999981,0.0029040943984504,-0.0014275600306457,0.0230875792348456,-0.039522406045656,0.0
emotion,K-MeansBA,CLIP,texto,2000,6,581 695 159 275 224 66,581 695 159 275 224 66,82.62465090000023,-0.0037915627863114,0.0018853885940521,0.0059585506273001,-0.0075259008704737,0.0
bbc_news,K-MeansBA,CLIP,texto,2110,5,339 503 502 366 400,339 503 502 366 400,42.04506860000038,0.4185121526332254,0.4695853857270701,0.4708490154478577,0.0390364273399246,0.0
goemotions,K-MeansBA,CLIP,texto,4543,28,346 185 129 193 234 85 97 175 56 88 194 76 23 55 65 257 2 92 156 12 107 7 89 7 44 102 87 1580,346 185 129 193 234 85 97 175 56 88 194 76 23 55 65 257 2 92 156 12 107 7 89 7 44 102 87 1580,190.18452309999967,0.0097430314590091,4.573601259700715e-05,0.0292866940026681,-0.0275289641666355,0.0
patent,K-MeansBA,CLIP,texto,4986,9,752 648 394 44 156 357 1106 1032 497,752 648 394 44 156 357 1106 1032 497,168.2107517000004,-0.0001130362053011,-0.0012385689377695,0.0020682446081072,-0.0071727025254222,0.0
tweeteval_emoji,K-MeansBA,CLIP,texto,4995,20,1056 520 503 308 242 238 204 199 176 171 159 143 129 153 129 148 137 121 129 130,1056 520 503 308 242 238 204 199 176 171 159 143 129 153 129 148 137 121 129 130,195.8978294999997,-0.0022423506595245,0.001131548370617,0.0148174971754502,-0.0175552668052472,0.0
trec,K-MeansBA,CLIP,texto,5871,6,93 1339 1286 1280 904 969,93 1339 1286 1280 904 969,218.07718179999927,0.0347747980429066,0.0453578025078219,0.0466009850080462,-0.0026327880581998,0.0
20ng,K-MeansBA,CLIP,texto,7254,20,310 381 378 382 369 380 372 370 384 380 389 378 380 380 372 381 353 368 303 244,310 381 378 382 369 380 372 370 384 380 389 378 380 380 372 381 353 368 303 244,423.3352435999996,0.0001641053921736,0.0006035129973487,0.0090102969395079,-0.0147302443233503,0.0
ag_news,K-MeansBA,CLIP,texto,7600,4,1900 1900 1900 1900,1900 1900 1900 1900,328.92027980000057,0.3126959730956226,0.3116277687055331,0.3119219433002775,0.033797209481934,0.0
reuters_r10,K-MeansBA,CLIP,texto,7921,10,3904 2279 363 306 294 256 144 142 122 111,3904 2279 363 306 294 256 144 142 122 111,454.1704406000008,0.0016115247415238,-0.0004727954483154,0.0031634188978608,-0.0081215017386306,0.0
sst5,K-MeansBA,CLIP,texto,8503,5,1089 2207 1607 2315 1285,1089 2207 1607 2315 1285,457.5127028000006,-0.000208524198345,0.0003549978717413,0.000955342153665,-0.0030845829134801,0.0
meld_e,K-MeansBA,CLIP,texto,9957,7,2949 1676 1485 1239 994 830 784,2949 1676 1485 1239 994 830 784,603.4080534999994,0.0011112693572215,-5.6497865874943e-05,0.0009272034244444,-0.0038078346434578,0.0
liar,K-MeansBA,CLIP,texto,9990,6,1318 2874 1569 1614 1490 1125,1318 2874 1569 1614 1490 1125,590.8370075000003,-3.90190006052385e-05,-0.0001381707989916,0.0005814868663658,-0.0025675573364386,0.0
dbpedia14,K-MeansBA,CLIP,texto,9994,14,714 713 713 714 714 714 714 714 714 714 714 714 714 714,714 713 713 714 714 714 714 714 714 714 714 714 714 714,719.7438608000011,0.4203936117032696,0.601716274994585,0.6029971784190225,0.046397174982091,0.0
yahoo,K-MeansBA,CLIP,texto,10000,10,1000 1000 1000 1000 1000 1000 1000 1000 1000 1000,1000 1000 1000 1000 1000 1000 1000 1000 1000 1000,593.4372735999987,8.287347347347347e-05,0.0001569982628651,0.0019191911293884,-0.0059671481467427,0.0
20ng,CSCLP,CLIP,texto,7254,20,310 381 378 382 369 380 372 370 384 380 389 378 380 380 372 381 353 368 303 244,310 381 378 382 369 380 372 370 384 380 389 378 380 380 372 381 353 368 303 244,50.966219300000375,0.1880973778516458,0.3200813601458927,0.325800740970057,-0.0109608196177031,0.0
ag_news,CSCLP,CLIP,texto,7600,4,1900 1900 1900 1900,1900 1900 1900 1900,18.792424700000996,0.5149955986457372,0.4803766237716467,0.4805986838565432,0.0222018295733692,0.0
bbc_news,CSCLP,CLIP,texto,2110,5,339 503 502 366 400,339 503 502 366 400,1.8469256999997012,0.3488835776411009,0.3900615434784391,0.3915146262947344,0.0232563105111427,0.0
dbpedia14,CSCLP,CLIP,texto,9994,14,714 713 713 714 714 714 714 714 714 714 714 714 714 714,714 713 713 714 714 714 714 714 714 714 714 714 714 714,82.29993339999965,0.2877963557127113,0.4007261807108634,0.4026534798674955,0.0452239030936362,0.0
emotion,CSCLP,CLIP,texto,2000,6,581 695 159 275 224 66,581 695 159 275 224 66,1.411809399998674,0.0005166953227322,0.0033918636405995,0.0074588779660657,-0.0563015393395054,0.0
goemotions,CSCLP,CLIP,texto,4543,28,346 185 129 193 234 85 97 175 56 88 194 76 23 55 65 257 2 92 156 12 107 7 89 7 44 102 87 1580,346 185 129 193 234 85 97 175 56 88 194 76 23 55 65 257 2 92 156 12 107 7 89 7 44 102 87 1580,29.378102100001342,0.018799083270973,0.0248051048204827,0.0533220420335585,-0.2206330186751464,0.0
liar,CSCLP,CLIP,texto,9990,6,1318 2874 1569 1614 1490 1125,1318 2874 1569 1614 1490 1125,35.231710300000486,0.0058118726928394,0.0113882375348959,0.0120996012781197,-0.0003430287679824,0.0
meld_e,CSCLP,CLIP,texto,9957,7,2949 1676 1485 1239 994 830 784,2949 1676 1485 1239 994 830 784,49.04420570000002,0.0118236773752702,0.0373803542938009,0.0383272309848566,-0.0437363436665819,0.0
patent,CSCLP,CLIP,texto,4986,9,752 648 394 44 156 357 1106 1032 497,752 648 394 44 156 357 1106 1032 497,11.725134800000887,0.0706679744522515,0.112393396645582,0.115324915297022,0.0056645565081237,0.0
reuters_r10,CSCLP,CLIP,texto,7921,10,3904 2279 363 306 294 256 144 142 122 111,3904 2279 363 306 294 256 144 142 122 111,43.077200300000186,0.2375837466639946,0.281524321776436,0.2841356187356547,-0.0245318030959403,0.0
scotus,CSCLP,CLIP,texto,1400,13,372 222 88 51 28 17 24 260 200 83 15 37 3,372 222 88 51 28 17 24 260 200 83 15 37 3,1.863766599999508,-0.0033785791119562,0.0118637213317217,0.0360534874732646,-0.0663469409121643,0.0
sst5,CSCLP,CLIP,texto,8503,5,1089 2207 1607 2315 1285,1089 2207 1607 2315 1285,30.57361689999925,0.0092823386106447,0.0100312938446508,0.0106258269546633,-0.0584835598640989,0.0
trec,CSCLP,CLIP,texto,5871,6,93 1339 1286 1280 904 969,93 1339 1286 1280 904 969,11.98137189999943,0.0668483920151763,0.0821518507316372,0.083347118194181,-0.079356876400986,0.0
tweeteval_emoji,CSCLP,CLIP,texto,4995,20,1056 520 503 308 242 238 204 199 176 171 159 143 129 153 129 148 137 121 129 130,1056 520 503 308 242 238 204 199 176 171 159 143 129 153 129 148 137 121 129 130,25.40057460000025,0.0192451447674713,0.0435832846138581,0.056687582964166,-0.0575735448802765,0.0
yahoo,CSCLP,CLIP,texto,10000,10,1000 1000 1000 1000 1000 1000 1000 1000 1000 1000,1000 1000 1000 1000 1000 1000 1000 1000 1000 1000,68.97485600000073,0.0725363103103103,0.1158202708532615,0.1173786107213406,0.0057724197378266,0.0
scotus,HCAKC,CLIP,texto,1400,13,372 222 88 51 28 17 24 260 200 83 15 37 3,222 372 200 88 51 83 24 260 37 28 3 17 15,14.224290099999962,0.0144539067384503,0.007164672996591,0.0314694727451054,-0.0612339033738946,0.0
emotion,HCAKC,CLIP,texto,2000,6,581 695 159 275 224 66,695 581 275 224 159 66,21.32520579999982,-0.0010904179731429,-0.0007560405676959,0.0033279007576815,-0.026446978940544,0.0
bbc_news,HCAKC,CLIP,texto,2110,5,339 503 502 366 400,503 502 339 400 366,21.27578030000041,0.0603163228300456,0.0625460870569677,0.0647794241377855,-0.0146193863557453,0.0
goemotions,HCAKC,CLIP,texto,4543,28,346 185 129 193 234 85 97 175 56 88 194 76 23 55 65 257 2 92 156 12 107 7 89 7 44 102 87 1580,1580 346 175 2 185 12 7 7 56 55 193 44 23 194 234 65 97 92 89 88 87 85 76 107 156 257 129 102,102.92021430000024,0.0032643993517932,-4.458258560794529e-05,0.0291990165275935,-0.0837524933525954,0.0
patent,HCAKC,CLIP,texto,4986,9,752 648 394 44 156 357 1106 1032 497,1106 1032 752 648 394 497 156 44 357,57.75347000000056,0.0863546503088979,0.1152455884822093,0.118167687134367,-0.0060507459414148,0.0
tweeteval_emoji,HCAKC,CLIP,texto,4995,20,1056 520 503 308 242 238 204 199 176 171 159 143 129 153 129 148 137 121 129 130,1056 176 242 503 520 171 204 238 143 130 137 129 148 308 129 129 199 153 121 159,119.48063659999934,-0.0019906463273743,-0.0002139408155604,0.0134904431456634,-0.0541082144574803,0.0
trec,HCAKC,CLIP,texto,5871,6,93 1339 1286 1280 904 969,1286 1339 904 93 1280 969,129.0007211000002,2.8039934544216143e-05,-9.28387061127568e-05,0.0012095318772799,-0.0050349133660872,0.0
20ng,HCAKC,CLIP,texto,7254,20,310 381 378 382 369 380 372 370 384 380 389 378 380 380 372 381 353 368 303 244,380 389 372 384 303 381 244 378 380 370 382 381 369 310 380 380 353 378 372 368,330.30673019999995,0.0050584909416327,0.0137045405420077,0.0220011204666217,-0.0618213355521831,0.0
ag_news,HCAKC,CLIP,texto,7600,4,1900 1900 1900 1900,1900 1900 1900 1900,204.8267022,0.0976443141090441,0.0998146878686513,0.1001993803901567,0.0011211535366113,0.0
reuters_r10,HCAKC,CLIP,texto,7921,10,3904 2279 363 306 294 256 144 142 122 111,3904 256 2279 144 111 306 142 363 294 122,253.71431370000028,0.0133394149637423,0.0383250049593857,0.0418202088562181,-0.0907358793933021,0.0
sst5,HCAKC,CLIP,texto,8503,5,1089 2207 1607 2315 1285,2315 2207 1285 1607 1089,283.2198894000012,-0.0005697856143014,-5.437038659268986e-05,0.0005462197445,-0.0244423165981991,0.0
meld_e,HCAKC,CLIP,texto,9957,7,2949 1676 1485 1239 994 830 784,2949 1676 994 1485 1239 830 784,347.5255823000007,0.0052789923959456,0.0045159814009214,0.0054951849915965,-0.0018341655040582,0.0
liar,HCAKC,CLIP,texto,9990,6,1318 2874 1569 1614 1490 1125,2874 1614 1490 1125 1318 1569,376.6890604,0.0010121806075421,0.001959731467013,0.0026778795695011,-0.0181491701114094,0.0
dbpedia14,HCAKC,CLIP,texto,9994,14,714 713 713 714 714 714 714 714 714 714 714 714 714 714,714 714 714 714 714 714 714 714 714 714 713 714 713 714,511.6945190000006,0.6603816554805715,0.7709033530759293,0.7716401411020235,0.038725660981295,0.0
yahoo,HCAKC,CLIP,texto,10000,10,1000 1000 1000 1000 1000 1000 1000 1000 1000 1000,1000 1000 1000 1000 1000 1000 1000 1000 1000 1000,363.8309680000002,0.0144213349349349,0.0257464660521831,0.0274635582603849,-0.0187567782219888,0.0
scotus,K-MedoidsSC,CLIP,texto,1400,13,372 222 88 51 28 17 24 260 200 83 15 37 3,372 222 88 51 28 17 24 260 200 83 15 37 3,2.5051290000001245,0.0065494091855501,0.0027336095123138,0.0271468825471116,-0.0730354123160093,0.0
emotion,K-MedoidsSC,CLIP,texto,2000,6,581 695 159 275 224 66,581 695 159 275 224 66,2.752889800000048,0.0032368431647371,0.0086926554876302,0.0127380380447095,-0.0740930880183953,0.0
bbc_news,K-MedoidsSC,CLIP,texto,2110,5,339 503 502 366 400,339 503 502 366 400,4.321260699999584,0.0443320142796129,0.0655143138028887,0.0677405795485033,-0.0869368136724064,0.0
goemotions,K-MedoidsSC,CLIP,texto,4543,28,346 185 129 193 234 85 97 175 56 88 194 76 23 55 65 257 2 92 156 12 107 7 89 7 44 102 87 1580,346 185 129 193 234 85 97 175 56 88 194 76 23 55 65 257 2 92 156 12 107 7 89 7 44 102 87 1580,42.39401099999941,0.0380369564211126,0.0094540808565138,0.038419917247283,-0.2016920616528863,0.0
patent,K-MedoidsSC,CLIP,texto,4986,9,752 648 394 44 156 357 1106 1032 497,752 648 394 44 156 357 1106 1032 497,22.29960039999969,0.018231759297529,0.0358026759003603,0.038987152478818,-0.0994356721187767,0.0
tweeteval_emoji,K-MedoidsSC,CLIP,texto,4995,20,1056 520 503 308 242 238 204 199 176 171 159 143 129 153 129 148 137 121 129 130,1056 520 503 308 242 238 204 199 176 171 159 143 129 153 129 148 137 121 129 130,44.68965380000009,0.0039556168153413,0.0036371138730309,0.0172887327907431,-0.0952913155296357,0.0
trec,K-MedoidsSC,CLIP,texto,5871,6,93 1339 1286 1280 904 969,93 1339 1286 1280 904 969,24.44798119999996,0.0027595462151976,0.006288106787351,0.0075821677864898,-0.1795314340729431,0.0
20ng,K-MedoidsSC,CLIP,texto,7254,20,310 381 378 382 369 380 372 370 384 380 389 378 380 380 372 381 353 368 303 244,310 381 378 382 369 380 372 370 384 380 389 378 380 380 372 381 353 368 303 244,98.97029190000012,0.0130795578851572,0.0404059460527881,0.0484779174761712,-0.1358752599609752,0.0
ag_news,K-MedoidsSC,CLIP,texto,7600,4,1900 1900 1900 1900,1900 1900 1900 1900,43.41617919999953,0.0466622294282309,0.0516363078897772,0.0520415893524999,-0.0603014726743378,0.0
reuters_r10,K-MedoidsSC,CLIP,texto,7921,10,3904 2279 363 306 294 256 144 142 122 111,3904 2279 363 306 294 256 144 142 122 111,101.87929809999878,0.1650429410719503,0.0703009389348705,0.0736799264284354,0.0235662757295314,0.0
sst5,K-MedoidsSC,CLIP,texto,8503,5,1089 2207 1607 2315 1285,1089 2207 1607 2315 1285,69.73070980000011,0.0016328647262565,0.0026619244654351,0.0032608833053405,-0.1713514441379781,0.0
meld_e,K-MedoidsSC,CLIP,texto,9957,7,2949 1676 1485 1239 994 830 784,2949 1676 1485 1239 994 830 784,120.36067790000016,0.0085222951418153,0.0091655883343827,0.0101402183591146,-0.0875780369731807,0.0
liar,K-MedoidsSC,CLIP,texto,9990,6,1318 2874 1569 1614 1490 1125,1318 2874 1569 1614 1490 1125,89.11918049999986,0.0060776536877907,0.0156446915076156,0.0163529924842956,-0.1213765764096215,0.0
dbpedia14,K-MedoidsSC,CLIP,texto,9994,14,714 713 713 714 714 714 714 714 714 714 714 714 714 714,714 713 713 714 714 714 714 714 714 714 714 714 714 714,220.5484764000012,0.0424679892441426,0.0895860017274198,0.092513945639834,-0.0586605745611555,0.0
yahoo,K-MedoidsSC,CLIP,texto,10000,10,1000 1000 1000 1000 1000 1000 1000 1000 1000 1000,1000 1000 1000 1000 1000 1000 1000 1000 1000 1000,172.6887353000002,0.0379147033033033,0.0653666967437765,0.0670139595009811,-0.1343981724268602,0.0
scotus,MILP-KM,CLIP,texto,1400,13,372 222 88 51 28 17 24 260 200 83 15 37 3,372 222 88 51 28 17 24 260 200 83 15 37 3,8.723684699999467,0.0101265164194608,0.0221023998132912,0.0460415211364884,-0.0291563307247845,0.0
emotion,MILP-KM,CLIP,texto,2000,6,581 695 159 275 224 66,581 695 159 275 224 66,7.526275000000169,0.0148042582892708,0.0120593053726239,0.0160909491162103,-0.053881153395104,0.0
bbc_news,MILP-KM,CLIP,texto,2110,5,339 503 502 366 400,339 503 502 366 400,5.271909600000072,0.5807112270057033,0.6074989894589768,0.608434061625189,0.0572091979455804,0.0
goemotions,MILP-KM,CLIP,texto,4543,28,346 185 129 193 234 85 97 175 56 88 194 76 23 55 65 257 2 92 156 12 107 7 89 7 44 102 87 1580,346 185 129 193 234 85 97 175 56 88 194 76 23 55 65 257 2 92 156 12 107 7 89 7 44 102 87 1580,90.1466676,0.0020076538696232,0.0391133436469562,0.0672118751133847,-0.1398984189483589,0.0
patent,MILP-KM,CLIP,texto,4986,9,752 648 394 44 156 357 1106 1032 497,752 648 394 44 156 357 1106 1032 497,24.9430069,0.096611370524677,0.1705114924096,0.1732510630954947,0.037507409007008,0.0
tweeteval_emoji,MILP-KM,CLIP,texto,4995,20,1056 520 503 308 242 238 204 199 176 171 159 143 129 153 129 148 137 121 129 130,1056 520 503 308 242 238 204 199 176 171 159 143 129 153 129 148 137 121 129 130,76.7615422000008,0.0110748221458767,0.0514088352509766,0.0644059121896816,-0.0388919567693604,0.0
trec,MILP-KM,CLIP,texto,5871,6,93 1339 1286 1280 904 969,93 1339 1286 1280 904 969,24.24207480000041,0.083142259075782,0.103363224746203,0.1045308697036345,-0.0085743711205356,0.0
20ng,MILP-KM,CLIP,texto,7254,20,310 381 378 382 369 380 372 370 384 380 389 378 380 380 372 381 353 368 303 244,310 381 378 382 369 380 372 370 384 380 389 378 380 380 372 381 353 368 303 244,190.0763010000001,0.1701523577550345,0.3389231475414051,0.3444840338763671,0.0106530148556345,0.0
ag_news,MILP-KM,CLIP,texto,7600,4,1900 1900 1900 1900,1900 1900 1900 1900,21.273911899999803,0.640732033917837,0.6101836207916753,0.6103502080974454,0.0421649660098103,0.0
reuters_r10,MILP-KM,CLIP,texto,7921,10,3904 2279 363 306 294 256 144 142 122 111,3904 2279 363 306 294 256 144 142 122 111,90.50940570000056,0.3083298934092071,0.3336026622723511,0.3360246807127557,0.0093538936765226,0.0
sst5,MILP-KM,CLIP,texto,8503,5,1089 2207 1607 2315 1285,1089 2207 1607 2315 1285,38.448409300001,0.0065066304142426,0.0099225819564103,0.0105171803541603,-0.0018551851429832,0.0
meld_e,MILP-KM,CLIP,texto,9957,7,2949 1676 1485 1239 994 830 784,2949 1676 1485 1239 994 830 784,100.19850540000152,0.0140225196463076,0.0370577844264609,0.0380049784119848,-0.051092672263185,0.0
liar,MILP-KM,CLIP,texto,9990,6,1318 2874 1569 1614 1490 1125,1318 2874 1569 1614 1490 1125,75.10655609999958,0.0233050584079027,0.0239170462552311,0.0246193947908599,-0.0108194581890717,0.0
dbpedia14,MILP-KM,CLIP,texto,9994,14,714 713 713 714 714 714 714 714 714 714 714 714 714 714,714 713 713 714 714 714 714 714 714 714 714 714 714 714,204.1746514999996,0.4762895534870001,0.6475457975535008,0.6486793105908839,0.0742798805362962,0.0
yahoo,MILP-KM,CLIP,texto,10000,10,1000 1000 1000 1000 1000 1000 1000 1000 1000 1000,1000 1000 1000 1000 1000 1000 1000 1000 1000 1000,141.8275991999999,0.1438540582582582,0.1994561532232324,0.2008670873935753,-0.0088278948484333,0.0
scotus,K-MeansPSO,CLIP,texto,1400,13,372 222 88 51 28 17 24 260 200 83 15 37 3,372 222 88 51 28 17 24 260 200 83 15 37 3,7.276837200000045,0.0032754466324793,0.0012626227719977,0.0257119058451007,-0.04698441223577,0.0
emotion,K-MeansPSO,CLIP,texto,2000,6,581 695 159 275 224 66,581 695 159 275 224 66,17.30506510000032,-0.0055778474969294,-0.0010566211707325,0.0030285467808122,-0.0332408745157501,0.0
bbc_news,K-MeansPSO,CLIP,texto,2110,5,339 503 502 366 400,339 503 502 366 400,16.126548000000184,0.0024263106411815,0.0031255058456472,0.0055004031520406,-0.0258548264010462,0.0
goemotions,K-MeansPSO,CLIP,texto,4543,28,346 185 129 193 234 85 97 175 56 88 194 76 23 55 65 257 2 92 156 12 107 7 89 7 44 102 87 1580,346 185 129 193 234 85 97 175 56 88 194 76 23 55 65 257 2 92 156 12 107 7 89 7 44 102 87 1580,66.74984260000019,-0.001145124498798,-0.0006674500899885,0.028594363098781,-0.1153945752313179,0.0
patent,K-MeansPSO,CLIP,texto,4986,9,752 648 394 44 156 357 1106 1032 497,752 648 394 44 156 357 1106 1032 497,64.65840300000036,0.0021600547174293,0.000742167196622,0.004042438919917,-0.0120392807200998,0.0
tweeteval_emoji,K-MeansPSO,CLIP,texto,4995,20,1056 520 503 308 242 238 204 199 176 171 159 143 129 153 129 148 137 121 129 130,1056 520 503 308 242 238 204 199 176 171 159 143 129 153 129 148 137 121 129 130,70.23231419999956,-0.0033407883650278,-0.0003958718715936,0.0133110048093821,-0.0360343464538181,0.0
trec,K-MeansPSO,CLIP,texto,5871,6,93 1339 1286 1280 904 969,93 1339 1286 1280 904 969,86.40167119999933,-0.0002483559753123,0.000642861784021,0.0019442743016827,-0.0094155039223122,0.0
20ng,K-MeansPSO,CLIP,texto,7254,20,310 381 378 382 369 380 372 370 384 380 389 378 380 380 372 381 353 368 303 244,310 381 378 382 369 380 372 370 384 380 389 378 380 380 372 381 353 368 303 244,181.0144138000005,5.357418317696288e-05,0.0002163090703876,0.0086263501180078,-0.0214086254631578,0.0
ag_news,K-MeansPSO,CLIP,texto,7600,4,1900 1900 1900 1900,1900 1900 1900 1900,169.653551899999,0.0020006455504354,0.0021979863322816,0.0026243951699156,-0.0070787265258377,0.0
reuters_r10,K-MeansPSO,CLIP,texto,7921,10,3904 2279 363 306 294 256 144 142 122 111,3904 2279 363 306 294 256 144 142 122 111,233.84870050000063,0.0102274093205565,0.0020063109924959,0.0056335150362964,-0.0119555029207506,0.0
sst5,K-MeansPSO,CLIP,texto,8503,5,1089 2207 1607 2315 1285,1089 2207 1607 2315 1285,203.1574295999999,-0.0001164955449577,-0.0001727646261983,0.0004278966074403,-0.0209480578305726,0.0
meld_e,K-MeansPSO,CLIP,texto,9957,7,2949 1676 1485 1239 994 830 784,2949 1676 1485 1239 994 830 784,277.1167227999995,0.0001100566153882,-0.0001150213903221,0.0008687374664113,-0.0168909657797406,0.0
liar,K-MeansPSO,CLIP,texto,9990,6,1318 2874 1569 1614 1490 1125,1318 2874 1569 1614 1490 1125,276.7850502000001,0.0002666423928906,0.0003368227881082,0.0010561386679146,-0.0125543250914212,0.0
dbpedia14,K-MeansPSO,CLIP,texto,9994,14,714 713 713 714 714 714 714 714 714 714 714 714 714 714,714 713 713 714 714 714 714 714 714 714 714 714 714 714,290.77038130000074,0.2440538348210724,0.4665835209212386,0.4682990190744561,-0.0268253394816496,0.0
yahoo,K-MeansPSO,CLIP,texto,10000,10,1000 1000 1000 1000 1000 1000 1000 1000 1000 1000,1000 1000 1000 1000 1000 1000 1000 1000 1000 1000,310.12179860000106,0.0002714876876876,0.0005337047602548,0.0022952336930392,-0.0136219939485106,0.0
scotus,SCK,CLIP,texto,1400,13,372 222 88 51 28 17 24 260 200 83 15 37 3,372 222 88 51 28 17 24 260 200 83 15 37 3,1.2787741000001915,0.018008278121298,0.0280870721954328,0.0518796875877346,-0.1191362512819221,0.0
emotion,SCK,CLIP,texto,2000,6,581 695 159 275 224 66,581 695 159 275 224 66,1.065264300000308,0.0226905152563608,0.0209979843200327,0.0249931506017124,-0.0021788804764554,0.0
bbc_news,SCK,CLIP,texto,2110,5,339 503 502 366 400,339 503 502 366 400,0.4567044999994323,0.1840581550221591,0.2432004703758543,0.2450034266907402,-0.0316652646730007,0.0
goemotions,SCK,CLIP,texto,4543,28,346 185 129 193 234 85 97 175 56 88 194 76 23 55 65 257 2 92 156 12 107 7 89 7 44 102 87 1580,346 185 129 193 234 85 97 175 56 88 194 76 23 55 65 257 2 92 156 12 107 7 89 7 44 102 87 1580,16.904608100000587,0.0270318576454857,0.0228874618033177,0.051460475300004,-0.1911021031298198,0.0
patent,SCK,CLIP,texto,4986,9,752 648 394 44 156 357 1106 1032 497,752 648 394 44 156 357 1106 1032 497,3.1243714000002,0.0774915733858751,0.1229629661209261,0.1258595764132602,-0.0014802205964071,0.0
tweeteval_emoji,SCK,CLIP,texto,4995,20,1056 520 503 308 242 238 204 199 176 171 159 143 129 153 129 148 137 121 129 130,1056 520 503 308 242 238 204 199 176 171 159 143 129 153 129 148 137 121 129 130,9.63438750000023,0.0039747463445847,0.0409624935866179,0.0541027005811205,-0.1080308661106817,0.0
trec,SCK,CLIP,texto,5871,6,93 1339 1286 1280 904 969,93 1339 1286 1280 904 969,2.7454415000001973,0.0604643028466167,0.0753789112929415,0.0765829988137306,-0.043435476575614,0.0
20ng,SCK,CLIP,texto,7254,20,310 381 378 382 369 380 372 370 384 380 389 378 380 380 372 381 353 368 303 244,310 381 378 382 369 380 372 370 384 380 389 378 380 380 372 381 353 368 303 244,23.407242699999188,0.1227296979641184,0.241075946743497,0.2474599100925879,-0.0416957223633085,0.0
ag_news,SCK,CLIP,texto,7600,4,1900 1900 1900 1900,1900 1900 1900 1900,2.33223899999939,0.118918086717167,0.1301668452907043,0.1305385668740991,-0.0262652080003474,0.0
reuters_r10,SCK,CLIP,texto,7921,10,3904 2279 363 306 294 256 144 142 122 111,3904 2279 363 306 294 256 144 142 122 111,9.698932600000262,0.2418900376031557,0.2288202890016423,0.2316231385557431,-0.0685970072867248,0.0
sst5,SCK,CLIP,texto,8503,5,1089 2207 1607 2315 1285,1089 2207 1607 2315 1285,4.098216800000955,0.0093086092014166,0.0118285718246558,0.0124220255659364,-0.061401712089255,0.0
meld_e,SCK,CLIP,texto,9957,7,2949 1676 1485 1239 994 830 784,2949 1676 1485 1239 994 830 784,8.51339100000041,0.0153320111002879,0.020717589140794,0.0216808560894164,-0.0428779881041594,0.0
liar,SCK,CLIP,texto,9990,6,1318 2874 1569 1614 1490 1125,1318 2874 1569 1614 1490 1125,6.436543800000436,0.0102625781676173,0.0089187740709152,0.0096319147369313,-0.0608040972625505,0.0
dbpedia14,SCK,CLIP,texto,9994,14,714 713 713 714 714 714 714 714 714 714 714 714 714 714,714 713 713 714 714 714 714 714 714 714 714 714 714 714,23.101463899998635,0.1871984124405979,0.3003839136912477,0.3026339193642947,0.0076977663088054,0.0
yahoo,SCK,CLIP,texto,10000,10,1000 1000 1000 1000 1000 1000 1000 1000 1000 1000,1000 1000 1000 1000 1000 1000 1000 1000 1000 1000,13.283113499999672,0.1227922118118118,0.1735322149201456,0.174988839242913,-0.0343614721984695,0.0
scotus,K-MeansACO,BLIP,texto,1400,13,372 222 88 51 28 17 24 260 200 83 15 37 3,372 222 88 51 28 17 24 260 200 83 15 37 3,43.581443499999295,0.0564773381198802,0.0529434673653807,0.0761275934235057,-0.0101825891217452,0.0
emotion,K-MeansACO,BLIP,texto,2000,6,581 695 159 275 224 66,581 695 159 275 224 66,67.91768330000014,-0.0006424894362858,0.0004677543483179,0.0045467015428297,-0.0057096988879974,0.0
bbc_news,K-MeansACO,BLIP,texto,2120,5,343 503 502 369 403,343 503 502 369 403,76.58091969999987,0.3900118827878544,0.4059400760512908,0.4073479676141615,0.0612270452990282,0.0
goemotions,K-MeansACO,BLIP,texto,4543,28,346 185 129 193 234 85 97 175 56 88 194 76 23 55 65 257 2 92 156 12 107 7 89 7 44 102 87 1580,346 185 129 193 234 85 97 175 56 88 194 76 23 55 65 257 2 92 156 12 107 7 89 7 44 102 87 1580,242.3197856999996,-0.0046237835195438,-0.0016147379158705,0.0276747761433475,-0.0233295650602449,0.0
patent,K-MeansACO,BLIP,texto,4987,9,752 648 394 44 156 357 1106 1032 498,752 648 394 44 156 357 1106 1032 498,247.57405780000045,0.0620177703462047,0.099326953101819,0.1023009199127595,-0.0062411144520508,0.0
tweeteval_emoji,K-MeansACO,BLIP,texto,4995,20,1056 520 503 308 242 238 204 199 176 171 159 143 129 153 129 148 137 121 129 130,1056 520 503 308 242 238 204 199 176 171 159 143 129 153 129 148 137 121 129 130,258.1622596000016,0.0083956812344703,0.0408386490497819,0.0539805528943434,-0.0077854566445462,0.0
trec,K-MeansACO,BLIP,texto,5871,6,93 1339 1286 1280 904 969,93 1339 1286 1280 904 969,327.1428402999991,0.1267344155763604,0.1491421600116874,0.1502501893651257,0.0232030759609232,0.0
20ng,K-MeansACO,BLIP,texto,7278,20,310 384 379 382 371 382 374 371 384 380 389 380 382 380 377 384 353 369 303 244,310 384 379 382 371 382 374 371 384 380 389 380 382 380 377 384 353 369 303 244,807.9480700000022,0.1185449288524471,0.2381834078787018,0.2445706001100707,-0.0351501674939927,0.0
ag_news,K-MeansACO,BLIP,texto,7600,4,1900 1900 1900 1900,1900 1900 1900 1900,997.6010733000004,0.5816490594991678,0.5460118889257597,0.5462058999019764,0.0880342792309975,0.0
reuters_r10,K-MeansACO,BLIP,texto,7948,10,3909 2285 365 312 298 257 145 143 122 112,3909 2285 365 312 298 257 145 143 122 112,1135.8146806000004,-0.008485806014522,0.0127066286098052,0.0162730143346136,-0.0993209884186171,0.0
sst5,K-MeansACO,BLIP,texto,8503,5,1089 2207 1607 2315 1285,1089 2207 1607 2315 1285,1289.693478899997,0.0031209876320931,0.0025491315102933,0.0031481580888514,-0.0131334105299223,0.0
meld_e,K-MeansACO,BLIP,texto,9958,7,2949 1676 1486 1239 994 830 784,2949 1676 1486 1239 994 830 784,1540.0014420999978,0.0002162175598473,0.0004589243636453,0.0014420165290265,-0.0061695285737238,0.0
dbpedia14,K-MeansACO,BLIP,texto,9994,14,714 713 713 714 714 714 714 714 714 714 714 714 714 714,714 713 713 714 714 714 714 714 714 714 714 714 714 714,1822.9576812000007,0.6084584591292326,0.7108846948182159,0.7118145063099096,0.1109653867543142,0.0
yahoo,K-MeansACO,BLIP,texto,10000,10,1000 1000 1000 1000 1000 1000 1000 1000 1000 1000,1000 1000 1000 1000 1000 1000 1000 1000 1000 1000,1807.143594000001,0.1682426768768768,0.2237879098335372,0.225155960023241,0.0123632504551215,0.0
liar,K-MeansACO,BLIP,texto,9990,6,1318 2874 1569 1614 1490 1125,1318 2874 1569 1614 1490 1125,820.5695638999969,4.007933139173777e-05,7.034832176636854e-05,0.0007898559454715,-0.011036749320427,0.0
scotus,K-MeansBA,BLIP,texto,1400,13,372 222 88 51 28 17 24 260 200 83 15 37 3,372 222 88 51 28 17 24 260 200 83 15 37 3,24.1549944999988,0.0120817996108781,0.0059404189917194,0.0302751887137233,-0.0448650651370026,0.0
emotion,K-MeansBA,BLIP,texto,2000,6,581 695 159 275 224 66,581 695 159 275 224 66,33.16390990000036,0.0152684751365591,0.025855365374264,0.0298307093831656,0.0047334998261301,0.0
bbc_news,K-MeansBA,BLIP,texto,2120,5,343 503 502 369 403,343 503 502 369 403,34.041449500000454,0.4071321484626699,0.4484918644122012,0.4497989104182462,0.0689859964438788,0.0
goemotions,K-MeansBA,BLIP,texto,4543,28,346 185 129 193 234 85 97 175 56 88 194 76 23 55 65 257 2 92 156 12 107 7 89 7 44 102 87 1580,346 185 129 193 234 85 97 175 56 88 194 76 23 55 65 257 2 92 156 12 107 7 89 7 44 102 87 1580,152.17796420000013,-0.0048483137297578,2.944831716796736e-05,0.0292708825968405,-0.0221960794152124,0.0
patent,K-MeansBA,BLIP,texto,4987,9,752 648 394 44 156 357 1106 1032 498,752 648 394 44 156 357 1106 1032 498,138.26581520000036,0.0768627846148532,0.1154627785724274,0.1183834658835738,0.0056779604640466,0.0
tweeteval_emoji,K-MeansBA,BLIP,texto,4995,20,1056 520 503 308 242 238 204 199 176 171 159 143 129 153 129 148 137 121 129 130,1056 520 503 308 242 238 204 199 176 171 159 143 129 153 129 148 137 121 129 130,155.21997890000057,0.0076153978048048,0.0395812364207044,0.0527403686448788,-0.0104464612708705,0.0
trec,K-MeansBA,BLIP,texto,5871,6,93 1339 1286 1280 904 969,93 1339 1286 1280 904 969,187.7194505999996,0.1074246242803677,0.1294094079776415,0.1305431343011849,0.0199604751499259,0.0
20ng,K-MeansBA,BLIP,texto,7278,20,310 384 379 382 371 382 374 371 384 380 389 380 382 380 377 384 353 369 303 244,310 384 379 382 371 382 374 371 384 380 389 380 382 380 377 384 353 369 303 244,442.3769336999994,-0.0001397935831008,-0.0001593201230953,0.0082261756848041,-0.0156318719070896,0.0
ag_news,K-MeansBA,BLIP,texto,7600,4,1900 1900 1900 1900,1900 1900 1900 1900,445.0288925999994,0.5777075218915335,0.5414508515604984,0.5416468116875636,0.0874921922102421,0.0
reuters_r10,K-MeansBA,BLIP,texto,7948,10,3909 2285 365 312 298 257 145 143 122 112,3909 2285 365 312 298 257 145 143 122 112,678.3695154999987,-0.0031944357334814,0.0002946728325613,0.003905894087703,-0.0109572931721513,0.0
sst5,K-MeansBA,BLIP,texto,8503,5,1089 2207 1607 2315 1285,1089 2207 1607 2315 1285,678.2088612000007,-0.0004542602834536,-0.0003684886978986,0.000232290079295,-0.0025888536055706,0.0
meld_e,K-MeansBA,BLIP,texto,9958,7,2949 1676 1486 1239 994 830 784,2949 1676 1486 1239 994 830 784,871.1320185000004,0.0080071991471714,0.0283553626460314,0.0293110174498215,-0.0032022614123699,0.0
dbpedia14,K-MeansBA,BLIP,texto,9994,14,714 713 713 714 714 714 714 714 714 714 714 714 714 714,714 713 713 714 714 714 714 714 714 714 714 714 714 714,895.4982251999973,0.603773509447966,0.7083688358479984,0.7093067384872034,0.1102490968099115,0.0
yahoo,K-MeansBA,BLIP,texto,10000,10,1000 1000 1000 1000 1000 1000 1000 1000 1000 1000,1000 1000 1000 1000 1000 1000 1000 1000 1000 1000,1015.5160866000006,0.1822128068068068,0.2351779802033504,0.2365259557406137,0.0124971980652835,0.0
liar,K-MeansBA,BLIP,texto,9990,6,1318 2874 1569 1614 1490 1125,1318 2874 1569 1614 1490 1125,481.9566225999952,0.0078419307210767,0.0166692568238896,0.0173768205661503,0.0230894111150239,0.0
20ng,CSCLP,BLIP,texto,7278,20,310 384 379 382 371 382 374 371 384 380 389 380 382 380 377 384 353 369 303 244,310 384 379 382 371 382 374 371 384 380 389 380 382 380 377 384 353 369 303 244,76.14210189999903,0.1435193391387596,0.2619782995035277,0.2681659915553204,-0.0089551347618412,0.0
ag_news,CSCLP,BLIP,texto,7600,4,1900 1900 1900 1900,1900 1900 1900 1900,11.488929799999823,0.4230808260361555,0.406741006584553,0.4069945347137139,0.0755830171042768,0.0
bbc_news,CSCLP,BLIP,texto,2120,5,343 503 502 369 403,343 503 502 369 403,1.8835454000000027,0.3302441544085489,0.3736509317033799,0.3751353468829213,0.0640273015359775,0.0
dbpedia14,CSCLP,BLIP,texto,9994,14,714 713 713 714 714 714 714 714 714 714 714 714 714 714,714 713 713 714 714 714 714 714 714 714 714 714 714 714,115.61256950000096,0.4533137114090121,0.5526730955092194,0.5541117246266846,0.1140293884614928,0.0
emotion,CSCLP,BLIP,texto,2000,6,581 695 159 275 224 66,581 695 159 275 224 66,1.081261600000289,0.0188329004025794,0.0223172974190654,0.0263070797739259,0.0021150822796446,0.0
goemotions,CSCLP,BLIP,texto,4543,28,346 185 129 193 234 85 97 175 56 88 194 76 23 55 65 257 2 92 156 12 107 7 89 7 44 102 87 1580,346 185 129 193 234 85 97 175 56 88 194 76 23 55 65 257 2 92 156 12 107 7 89 7 44 102 87 1580,26.678574699999444,-0.0006539646639549,0.0307922978887536,0.059134155833414,-0.0681424167119015,0.0
liar,CSCLP,BLIP,texto,9990,6,1318 2874 1569 1614 1490 1125,1318 2874 1569 1614 1490 1125,23.711294099999577,0.0123735894301095,0.0207595332944415,0.02146415384455,0.0142485751721607,0.0
meld_e,CSCLP,BLIP,texto,9958,7,2949 1676 1486 1239 994 830 784,2949 1676 1486 1239 994 830 784,31.33015979999982,0.0152037677554854,0.0342309155604346,0.0351807915021266,0.0154777091485685,0.0
patent,CSCLP,BLIP,texto,4987,9,752 648 394 44 156 357 1106 1032 498,752 648 394 44 156 357 1106 1032 498,10.274286100000609,0.0570854962834161,0.1224392660617206,0.1253369174417691,0.0296728286709872,0.0
reuters_r10,CSCLP,BLIP,texto,7948,10,3909 2285 365 312 298 257 145 143 122 112,3909 2285 365 312 298 257 145 143 122 112,45.078520000000935,0.199982412077373,0.2845449263290349,0.287129354458932,-0.0589711523751028,0.0
scotus,CSCLP,BLIP,texto,1400,13,372 222 88 51 28 17 24 260 200 83 15 37 3,372 222 88 51 28 17 24 260 200 83 15 37 3,1.0055562000015923,0.0074285287599858,0.0531415576805445,0.0763208344496573,-0.0718469813721424,0.0
sst5,CSCLP,BLIP,texto,8503,5,1089 2207 1607 2315 1285,1089 2207 1607 2315 1285,19.15164839999852,0.0026425691715763,0.0043009314421391,0.0048989059641472,0.0240201182447557,0.0
trec,CSCLP,BLIP,texto,5871,6,93 1339 1286 1280 904 969,93 1339 1286 1280 904 969,8.00983879999876,0.0821438791269862,0.1019486685816045,0.1031181556443547,0.0009820707434929,0.0
tweeteval_emoji,CSCLP,BLIP,texto,4995,20,1056 520 503 308 242 238 204 199 176 171 159 143 129 153 129 148 137 121 129 130,1056 520 503 308 242 238 204 199 176 171 159 143 129 153 129 148 137 121 129 130,16.614579699999013,0.0213715429654759,0.0417303804754553,0.0548600663041013,0.0242643333824704,0.0
yahoo,CSCLP,BLIP,texto,10000,10,1000 1000 1000 1000 1000 1000 1000 1000 1000 1000,1000 1000 1000 1000 1000 1000 1000 1000 1000 1000,68.73279920000095,0.1646058478478478,0.2115419349606804,0.2129315683084671,0.0066549889403752,0.0
scotus,HCAKC,BLIP,texto,1400,13,372 222 88 51 28 17 24 260 200 83 15 37 3,372 222 260 37 51 83 15 200 3 17 24 88 28,5.116323000000193,0.0108010133343296,0.0140866368763004,0.0382219856177978,-0.0985708014819308,0.0
emotion,HCAKC,BLIP,texto,2000,6,581 695 159 275 224 66,66 695 159 275 224 581,7.2231327000008605,0.0008696087154075,0.0014965859665353,0.0055713346473313,-0.0176840794048431,0.0
bbc_news,HCAKC,BLIP,texto,2120,5,343 503 502 369 403,503 502 369 403 343,8.551520000000892,0.0394458546050676,0.0384621108168205,0.0407409063170507,-0.0351068715771864,0.0
goemotions,HCAKC,BLIP,texto,4543,28,346 185 129 193 234 85 97 175 56 88 194 76 23 55 65 257 2 92 156 12 107 7 89 7 44 102 87 1580,12 1580 102 107 346 194 56 185 175 88 2 257 193 89 234 7 55 7 44 156 129 85 23 87 92 97 76 65,60.819155999999566,0.0027490713346007,0.0093518610705233,0.0383206866024718,-0.0420056348953239,0.0
patent,HCAKC,BLIP,texto,4987,9,752 648 394 44 156 357 1106 1032 498,752 1032 1106 357 648 498 394 44 156,17.148241799999596,0.1023817268189566,0.1375590855437101,0.1404068122130307,0.0290594666310919,0.0
tweeteval_emoji,HCAKC,BLIP,texto,4995,20,1056 520 503 308 242 238 204 199 176 171 159 143 129 153 129 148 137 121 129 130,129 1056 520 503 159 308 148 171 238 242 130 143 176 129 153 199 137 121 204 129,66.4005175000002,0.0007730672396345,0.0111286872139254,0.0246776606941489,-0.0299367976039256,0.0
trec,HCAKC,BLIP,texto,5871,6,93 1339 1286 1280 904 969,1339 969 1280 93 1286 904,72.46458890000031,0.0190494022533647,0.0377229022963549,0.0389760273429686,-0.0057057967576845,0.0
20ng,HCAKC,BLIP,texto,7278,20,310 384 379 382 371 382 374 371 384 380 389 380 382 380 377 384 353 369 303 244,389 384 384 380 382 382 384 380 382 374 380 377 379 353 244 303 371 371 310 369,118.0900089000006,0.0813704073839244,0.1524569968667783,0.1595629330479394,-0.0665355712408701,0.0
ag_news,HCAKC,BLIP,texto,7600,4,1900 1900 1900 1900,1900 1900 1900 1900,98.3403935000024,0.2717023192699467,0.2675556299087687,0.2678686386501864,0.041088059806196,0.0
reuters_r10,HCAKC,BLIP,texto,7948,10,3909 2285 365 312 298 257 145 143 122 112,3909 2285 365 143 312 298 257 145 122 112,75.46165269999983,0.2615650710581029,0.2958190919570085,0.2983627945796554,0.0650482236937577,0.0
sst5,HCAKC,BLIP,texto,8503,5,1089 2207 1607 2315 1285,2315 2207 1285 1607 1089,182.29803639999955,0.0003650231716128,0.0012922666631197,0.0018920480612613,0.0006403374921799,0.0
meld_e,HCAKC,BLIP,texto,9958,7,2949 1676 1486 1239 994 830 784,1676 2949 1486 1239 784 994 830,173.64120419999745,0.0171128465118072,0.0270633804425049,0.0280203059670418,-0.0053889607666627,0.0
dbpedia14,HCAKC,BLIP,texto,9994,14,714 713 713 714 714 714 714 714 714 714 714 714 714 714,714 714 714 714 714 714 714 714 714 714 714 714 713 713,302.3426221000009,0.5555963381611679,0.7009373247292722,0.701899127536732,0.0608631151150975,0.0
yahoo,HCAKC,BLIP,texto,10000,10,1000 1000 1000 1000 1000 1000 1000 1000 1000 1000,1000 1000 1000 1000 1000 1000 1000 1000 1000 1000,275.1520669999991,0.0849761739739739,0.1149638859268461,0.1165237351472992,-0.0257419732299476,0.0
liar,HCAKC,BLIP,texto,9990,6,1318 2874 1569 1614 1490 1125,1614 2874 1490 1125 1318 1569,139.99480480000057,0.0033451176758885,0.0054446543085914,0.0061602948061211,-0.0204060513789436,0.0
scotus,K-MedoidsSC,BLIP,texto,1400,13,372 222 88 51 28 17 24 260 200 83 15 37 3,372 222 88 51 28 17 24 260 200 83 15 37 3,0.9973320999997668,0.0201681839722822,0.0173137074044395,0.0413700568387733,-0.0809911465123671,0.0
emotion,K-MedoidsSC,BLIP,texto,2000,6,581 695 159 275 224 66,581 695 159 275 224 66,1.4737172999994073,-0.0001511254049456,0.0058714630446506,0.0099283584819302,-0.0345358533591648,0.0
bbc_news,K-MedoidsSC,BLIP,texto,2120,5,343 503 502 369 403,343 503 502 369 403,2.8067525000005844,0.0490729263387965,0.0690364673375657,0.07124280318036,-0.0833103443973172,0.0
goemotions,K-MedoidsSC,BLIP,texto,4543,28,346 185 129 193 234 85 97 175 56 88 194 76 23 55 65 257 2 92 156 12 107 7 89 7 44 102 87 1580,346 185 129 193 234 85 97 175 56 88 194 76 23 55 65 257 2 92 156 12 107 7 89 7 44 102 87 1580,30.343620600000577,0.0667635698091494,0.0179727712611249,0.0466895015905245,-0.0967874315964582,0.0
patent,K-MedoidsSC,BLIP,texto,4987,9,752 648 394 44 156 357 1106 1032 498,752 648 394 44 156 357 1106 1032 498,16.290095099999235,0.010525150411227,0.0144000117772931,0.0176544021067609,-0.0395653826282595,0.0
tweeteval_emoji,K-MedoidsSC,BLIP,texto,4995,20,1056 520 503 308 242 238 204 199 176 171 159 143 129 153 129 148 137 121 129 130,1056 520 503 308 242 238 204 199 176 171 159 143 129 153 129 148 137 121 129 130,22.95636270000068,0.0051285590031611,0.0011757479219661,0.0148610911287388,-0.0418465472132972,0.0
trec,K-MedoidsSC,BLIP,texto,5871,6,93 1339 1286 1280 904 969,93 1339 1286 1280 904 969,13.179648100000122,0.0051745463616089,0.0113259480976699,0.0126134485695532,-0.0754711245542215,0.0
20ng,K-MedoidsSC,BLIP,texto,7278,20,310 384 379 382 371 382 374 371 384 380 389 380 382 380 377 384 353 369 303 244,310 384 379 382 371 382 374 371 384 380 389 380 382 380 377 384 353 369 303 244,113.67712890000077,0.0051471582038943,0.0173601564951953,0.0255987662072664,-0.1157311143906335,0.0
ag_news,K-MedoidsSC,BLIP,texto,7600,4,1900 1900 1900 1900,1900 1900 1900 1900,29.111708000000363,0.0377408865141151,0.0415575393828214,0.0419671279885494,-0.0118924214516254,0.0
reuters_r10,K-MedoidsSC,BLIP,texto,7948,10,3909 2285 365 312 298 257 145 143 122 112,3909 2285 365 312 298 257 145 143 122 112,97.76605909999851,0.1432308551601541,0.0585731141280899,0.0619738170032614,0.0576744673744498,0.0
sst5,K-MedoidsSC,BLIP,texto,8503,5,1089 2207 1607 2315 1285,1089 2207 1607 2315 1285,47.27109990000099,0.0020331240999426,0.00236553815941,0.002964674996328,-0.0677925070406467,0.0
meld_e,K-MedoidsSC,BLIP,texto,9958,7,2949 1676 1486 1239 994 830 784,2949 1676 1486 1239 994 830 784,91.74527999999918,0.0110000525586248,0.0056432307912034,0.0066212239655015,-0.0324876131662732,0.0
dbpedia14,K-MedoidsSC,BLIP,texto,9994,14,714 713 713 714 714 714 714 714 714 714 714 714 714 714,714 713 713 714 714 714 714 714 714 714 714 714 714 714,255.0463563000012,0.0705758735687985,0.1414916524949968,0.1442526648416912,-0.0337950990920541,0.0
yahoo,K-MedoidsSC,BLIP,texto,10000,10,1000 1000 1000 1000 1000 1000 1000 1000 1000 1000,1000 1000 1000 1000 1000 1000 1000 1000 1000 1000,192.1623561000015,0.0114059541541541,0.0237068788677612,0.0254275657863134,-0.0484677113529281,0.0
liar,K-MedoidsSC,BLIP,texto,9990,6,1318 2874 1569 1614 1490 1125,1318 2874 1569 1614 1490 1125,60.338290399999096,-0.0003677341793062,0.0029535832489909,0.0036710162172365,-0.0453343300040602,0.0
scotus,MILP-KM,BLIP,texto,1400,13,372 222 88 51 28 17 24 260 200 83 15 37 3,372 222 88 51 28 17 24 260 200 83 15 37 3,4.069767099999808,0.0580006401411007,0.1147441823727419,0.1364154150418873,0.0642047867346102,0.0
emotion,MILP-KM,BLIP,texto,2000,6,581 695 159 275 224 66,581 695 159 275 224 66,3.2398252000002685,0.0110009378035933,0.01950282005239,0.0235040878841911,0.0173480021163696,0.0
bbc_news,MILP-KM,BLIP,texto,2120,5,343 503 502 369 403,343 503 502 369 403,3.5104132999986177,0.6923030295232468,0.6945880238050587,0.6953118345304589,0.0926555022564529,0.0
goemotions,MILP-KM,BLIP,texto,4543,28,346 185 129 193 234 85 97 175 56 88 194 76 23 55 65 257 2 92 156 12 107 7 89 7 44 102 87 1580,346 185 129 193 234 85 97 175 56 88 194 76 23 55 65 257 2 92 156 12 107 7 89 7 44 102 87 1580,74.5607740000014,-0.0023083157267121,0.0386626655404037,0.0667743758691615,-0.019979986706795,0.0
patent,MILP-KM,BLIP,texto,4987,9,752 648 394 44 156 357 1106 1032 498,752 648 394 44 156 357 1106 1032 498,18.83712479999849,0.0698767865153981,0.1469650139271506,0.149781682801487,0.0352852328542766,0.0
tweeteval_emoji,MILP-KM,BLIP,texto,4995,20,1056 520 503 308 242 238 204 199 176 171 159 143 129 153 129 148 137 121 129 130,1056 520 503 308 242 238 204 199 176 171 159 143 129 153 129 148 137 121 129 130,58.9205536999998,0.0039495759113697,0.0391911855238241,0.0523556620118977,0.0243709531038522,0.0
trec,MILP-KM,BLIP,texto,5871,6,93 1339 1286 1280 904 969,93 1339 1286 1280 904 969,16.310799799999586,0.1259128852532644,0.1557317639329284,0.1568312119767412,0.0322974877343923,0.0
20ng,MILP-KM,BLIP,texto,7278,20,310 384 379 382 371 382 374 371 384 380 389 380 382 380 377 384 353 369 303 244,310 384 379 382 371 382 374 371 384 380 389 380 382 380 377 384 353 369 303 244,143.4817411999993,0.1265014200837274,0.2653446823610956,0.2715041501202461,0.012578425257787,0.0
ag_news,MILP-KM,BLIP,texto,7600,4,1900 1900 1900 1900,1900 1900 1900 1900,30.929612100000668,0.5961044431461959,0.5803064289564976,0.5804857842247169,0.0939485129068502,0.0
reuters_r10,MILP-KM,BLIP,texto,7948,10,3909 2285 365 312 298 257 145 143 122 112,3909 2285 365 312 298 257 145 143 122 112,90.58336779999809,0.2570799558421575,0.2530177926238918,0.2557161057679584,-0.0796142443989793,0.0
sst5,MILP-KM,BLIP,texto,8503,5,1089 2207 1607 2315 1285,1089 2207 1607 2315 1285,47.93961750000017,0.004611884451241,0.0042168070784081,0.004814832121932,0.0109911977582967,0.0
meld_e,MILP-KM,BLIP,texto,9958,7,2949 1676 1486 1239 994 830 784,2949 1676 1486 1239 994 830 784,102.59989599999972,0.0255600522669123,0.0454174311675325,0.0463563046840923,0.0378390918936645,0.0
dbpedia14,MILP-KM,BLIP,texto,9994,14,714 713 713 714 714 714 714 714 714 714 714 714 714 714,714 713 713 714 714 714 714 714 714 714 714 714 714 714,179.41433520000282,0.6244168523815062,0.72064696055309,0.7215453760352936,0.1353048369087681,0.0
yahoo,MILP-KM,BLIP,texto,10000,10,1000 1000 1000 1000 1000 1000 1000 1000 1000 1000,1000 1000 1000 1000 1000 1000 1000 1000 1000 1000,152.98097229999985,0.2099935897897898,0.2687997613513099,0.2700884795223709,0.0342326821142639,0.0
liar,MILP-KM,BLIP,texto,9990,6,1318 2874 1569 1614 1490 1125,1318 2874 1569 1614 1490 1125,59.528282700001,0.0057221749193688,0.0117537458206763,0.0124648465594,0.0322500536672081,0.0
scotus,K-MeansPSO,BLIP,texto,1400,13,372 222 88 51 28 17 24 260 200 83 15 37 3,372 222 88 51 28 17 24 260 200 83 15 37 3,4.778666400001384,0.0018430880155108,0.0013773616212243,0.0258238358652314,-0.035810041535531,0.0
emotion,K-MeansPSO,BLIP,texto,2000,6,581 695 159 275 224 66,581 695 159 275 224 66,9.461004299999331,-0.0053389522772723,-0.0013213709992701,0.0027648773582095,-0.0098515464412614,0.0
bbc_news,K-MeansPSO,BLIP,texto,2120,5,343 503 502 369 403,343 503 502 369 403,10.424570300001506,0.0039085821352924,0.0063359537355652,0.0086908865810005,-0.0333670739708633,0.0
goemotions,K-MeansPSO,BLIP,texto,4543,28,346 185 129 193 234 85 97 175 56 88 194 76 23 55 65 257 2 92 156 12 107 7 89 7 44 102 87 1580,346 185 129 193 234 85 97 175 56 88 194 76 23 55 65 257 2 92 156 12 107 7 89 7 44 102 87 1580,50.37076539999907,-0.0079519761146948,-0.0012289423745835,0.028049290137446,-0.0359525171057721,0.0
patent,K-MeansPSO,BLIP,texto,4987,9,752 648 394 44 156 357 1106 1032 498,752 648 394 44 156 357 1106 1032 498,44.91357830000016,8.353301662260177e-05,0.0001529389804413,0.003454372264949,-0.0113012033845091,0.0
tweeteval_emoji,K-MeansPSO,BLIP,texto,4995,20,1056 520 503 308 242 238 204 199 176 171 159 143 129 153 129 148 137 121 129 130,1056 520 503 308 242 238 204 199 176 171 159 143 129 153 129 148 137 121 129 130,49.93268999999964,-0.0039468923968454,-0.0012081508008249,0.0125098552814473,-0.0160886833370124,0.0
trec,K-MeansPSO,BLIP,texto,5871,6,93 1339 1286 1280 904 969,93 1339 1286 1280 904 969,70.52441870000075,-0.0004328630074856,-0.0005733398944392,0.0007296564214741,-0.0050603087863811,0.0
20ng,K-MeansPSO,BLIP,texto,7278,20,310 384 379 382 371 382 374 371 384 380 389 380 382 380 377 384 353 369 303 244,310 384 379 382 371 382 374 371 384 380 389 380 382 380 377 384 353 369 303 244,133.6473657000006,0.0004802030038114,0.001653041689191,0.0100233423656014,-0.0318670395601891,0.0
ag_news,K-MeansPSO,BLIP,texto,7600,4,1900 1900 1900 1900,1900 1900 1900 1900,183.0390896999997,0.0008716679867957,0.000946193555395,0.0013731373443476,-0.0044788342614298,0.0
reuters_r10,K-MeansPSO,BLIP,texto,7948,10,3909 2285 365 312 298 257 145 143 122 112,3909 2285 365 312 298 257 145 143 122 112,246.6141317000001,0.0091413810438459,0.0039670222831447,0.0075649779628895,-0.0173937516149173,0.0
sst5,K-MeansPSO,BLIP,texto,8503,5,1089 2207 1607 2315 1285,1089 2207 1607 2315 1285,229.1237699000012,-0.0004694352209802,0.0002300386968767,0.0008304580239674,-0.007245087695143,0.0
meld_e,K-MeansPSO,BLIP,texto,9958,7,2949 1676 1486 1239 994 830 784,2949 1676 1486 1239 994 830 784,290.0272855000003,0.0011031942596992,0.0002039661032007,0.0011873090311313,-0.0066732804349984,0.0
dbpedia14,K-MeansPSO,BLIP,texto,9994,14,714 713 713 714 714 714 714 714 714 714 714 714 714 714,714 713 713 714 714 714 714 714 714 714 714 714 714 714,276.40184630000294,0.2375678185376002,0.4553536456641681,0.4571052597437207,-0.0338492222086396,0.0
yahoo,K-MeansPSO,BLIP,texto,10000,10,1000 1000 1000 1000 1000 1000 1000 1000 1000 1000,1000 1000 1000 1000 1000 1000 1000 1000 1000 1000,329.1316632999988,0.0003004026026026,0.0005605817161381,0.0023220632791056,-0.017602960060263,0.0
liar,K-MeansPSO,BLIP,texto,9990,6,1318 2874 1569 1614 1490 1125,1318 2874 1569 1614 1490 1125,208.72017289999712,-0.0004416652835848,-8.418954906442464e-05,0.0006354292736396,-0.006507525456188,0.0
scotus,SCK,BLIP,texto,1400,13,372 222 88 51 28 17 24 260 200 83 15 37 3,372 222 88 51 28 17 24 260 200 83 15 37 3,0.6305018000002747,0.0340901034398542,0.075780239293187,0.0984053167825196,-0.0031489120181735,0.0
emotion,SCK,BLIP,texto,2000,6,581 695 159 275 224 66,581 695 159 275 224 66,0.4376472000003559,0.0025500194082228,0.0139116406539288,0.0179357252839079,0.0113495656162551,0.0
bbc_news,SCK,BLIP,texto,2120,5,343 503 502 369 403,343 503 502 369 403,0.4556009999996604,0.1232853659298351,0.1629658325063804,0.1649495605693939,-0.0102396564372691,0.0
goemotions,SCK,BLIP,texto,4543,28,346 185 129 193 234 85 97 175 56 88 194 76 23 55 65 257 2 92 156 12 107 7 89 7 44 102 87 1580,346 185 129 193 234 85 97 175 56 88 194 76 23 55 65 257 2 92 156 12 107 7 89 7 44 102 87 1580,15.40751900000032,0.0241090668187766,0.0205877958705605,0.0492280568778107,-0.0895043742615155,0.0
patent,SCK,BLIP,texto,4987,9,752 648 394 44 156 357 1106 1032 498,752 648 394 44 156 357 1106 1032 498,2.8317019999994955,0.0434316913838088,0.0776328423059303,0.0806784417317493,-0.017259464512996,0.0
tweeteval_emoji,SCK,BLIP,texto,4995,20,1056 520 503 308 242 238 204 199 176 171 159 143 129 153 129 148 137 121 129 130,1056 520 503 308 242 238 204 199 176 171 159 143 129 153 129 148 137 121 129 130,8.747777799999312,0.003232721973406,0.0335444842061617,0.0467863287050315,-0.0258082893473279,0.0
trec,SCK,BLIP,texto,5871,6,93 1339 1286 1280 904 969,93 1339 1286 1280 904 969,2.413576599999942,0.046552618476107,0.059953268560975,0.0611774441201407,0.009498175843838,0.0
20ng,SCK,BLIP,texto,7278,20,310 384 379 382 371 382 374 371 384 380 389 380 382 380 377 384 353 369 303 244,310 384 379 382 371 382 374 371 384 380 389 380 382 380 377 384 353 369 303 244,15.478532400000404,0.1128678136082103,0.2326621273488548,0.2390956108798254,-0.0396221996439691,0.0
ag_news,SCK,BLIP,texto,7600,4,1900 1900 1900 1900,1900 1900 1900 1900,4.213646100000915,0.2232434837405311,0.2479658924974103,0.2482872728767328,0.039878180544573,0.0
reuters_r10,SCK,BLIP,texto,7948,10,3909 2285 365 312 298 257 145 143 122 112,3909 2285 365 312 298 257 145 143 122 112,15.133061300002735,0.2098593223282147,0.17550011831303,0.178478447443321,-0.0942501857256645,0.0
sst5,SCK,BLIP,texto,8503,5,1089 2207 1607 2315 1285,1089 2207 1607 2315 1285,6.933859400000074,0.0048789959859838,0.0039272140437319,0.0045254130045185,-0.0115193479554597,0.0
meld_e,SCK,BLIP,texto,9958,7,2949 1676 1486 1239 994 830 784,2949 1676 1486 1239 994 830 784,12.820552600001974,0.0086939131390098,0.0122894583467115,0.0132609146668488,0.0092685559101647,0.0
dbpedia14,SCK,BLIP,texto,9994,14,714 713 713 714 714 714 714 714 714 714 714 714 714 714,714 713 713 714 714 714 714 714 714 714 714 714 714 714,31.52201219999916,0.2311147522809222,0.3494115109134327,0.3515038410069089,0.0274901427064826,0.0
yahoo,SCK,BLIP,texto,10000,10,1000 1000 1000 1000 1000 1000 1000 1000 1000 1000,1000 1000 1000 1000 1000 1000 1000 1000 1000 1000,20.30058629999985,0.0984747683683683,0.1443865210695734,0.1458945137908834,-0.0102176332063984,0.0
liar,SCK,BLIP,texto,9990,6,1318 2874 1569 1614 1490 1125,1318 2874 1569 1614 1490 1125,5.989532899999176,0.0061852380187481,0.0041003676537288,0.0048169754438026,-0.0095504962008635,0.0
scotus,K-MeansACO,Qwen2-VL,texto,1400,13,372 222 88 51 28 17 24 260 200 83 15 37 3,372 222 88 51 28 17 24 260 200 83 15 37 3,74.1839684000006,0.0548555140773868,0.1003950430582427,0.1224175454174535,0.0338155843022083,0.0
emotion,K-MeansACO,Qwen2-VL,texto,2000,6,581 695 159 275 224 66,581 695 159 275 224 66,333.52323510000133,0.0043960279237551,0.0032522100257616,0.0073197942575245,0.1062980608478345,0.0
bbc_news,K-MeansACO,Qwen2-VL,texto,2120,5,343 503 502 369 403,343 503 502 369 403,172.5768159999934,0.6019716053754788,0.6353100640144737,0.6361743604654528,0.1918100142779762,0.0
goemotions,K-MeansACO,Qwen2-VL,texto,4543,28,346 185 129 193 234 85 97 175 56 88 194 76 23 55 65 257 2 92 156 12 107 7 89 7 44 102 87 1580,346 185 129 193 234 85 97 175 56 88 194 76 23 55 65 257 2 92 156 12 107 7 89 7 44 102 87 1580,548.8379757000002,-0.0024525452020232,0.0056929084130024,0.0347687301194755,-0.1042934561604096,0.0
patent,K-MeansACO,Qwen2-VL,texto,4987,9,752 648 394 44 156 357 1106 1032 498,752 648 394 44 156 357 1106 1032 498,557.9474264000019,0.0774342932592325,0.1475235978962341,0.1503384223607806,0.0134272814041581,0.0
tweeteval_emoji,K-MeansACO,Qwen2-VL,texto,4995,20,1056 520 503 308 242 238 204 199 176 171 159 143 129 153 129 148 137 121 129 130,1056 520 503 308 242 238 204 199 176 171 159 143 129 153 129 148 137 121 129 130,582.075373300002,0.0030736448354871,0.0181326441542575,0.0315856532500215,-0.0569877360446437,0.0
trec,K-MeansACO,Qwen2-VL,texto,5871,6,93 1339 1286 1280 904 969,93 1339 1286 1280 904 969,686.0971839000049,0.0726246289650936,0.0847939011845185,0.0859857280376944,-0.0140324343439327,0.0
20ng,K-MeansACO,Qwen2-VL,texto,7277,20,310 384 379 382 371 382 374 371 384 380 389 380 382 380 377 383 353 369 303 244,310 384 379 382 371 382 374 371 384 380 389 380 382 380 377 383 353 369 303 244,2261.4976653999984,0.1948873126706305,0.3355882567975798,0.3411595512553743,0.0364990543283084,0.0
ag_news,K-MeansACO,Qwen2-VL,texto,7600,4,1900 1900 1900 1900,1900 1900 1900 1900,659.774954200002,0.6303384569659786,0.5955728986866148,0.5957457298573445,0.2162685700359218,0.0
reuters_r10,K-MeansACO,Qwen2-VL,texto,7947,10,3909 2285 365 312 298 257 144 143 122 112,3909 2285 365 312 298 257 144 143 122 112,710.903452999999,0.1895126810593327,0.1015888987515133,0.1048356629813851,-0.2089848249598517,0.0
sst5,K-MeansACO,Qwen2-VL,texto,8503,5,1089 2207 1607 2315 1285,1089 2207 1607 2315 1285,808.7281205000036,0.0019324473638788,0.0012697415505011,0.0018695364762675,0.0829561166807512,0.0
meld_e,K-MeansACO,Qwen2-VL,texto,9958,7,2949 1676 1486 1239 994 830 784,2949 1676 1486 1239 994 830 784,1007.9512481999992,0.0102906097888526,0.025535325851418,0.0264937542841729,-0.0147244823548316,0.0
liar,K-MeansACO,Qwen2-VL,texto,9990,6,1318 2874 1569 1614 1490 1125,1318 2874 1569 1614 1490 1125,1093.0787291000015,0.0185779724966998,0.0285667879336387,0.0292657907093131,0.0334041574068778,0.0
dbpedia14,K-MeansACO,Qwen2-VL,texto,9994,14,714 713 713 714 714 714 714 714 714 714 714 714 714 714,714 713 713 714 714 714 714 714 714 714 714 714 714 714,1656.2542231999978,0.5504407169962435,0.6832357863801106,0.6842545183555621,0.1266916492106873,0.0
yahoo,K-MeansACO,Qwen2-VL,texto,10000,10,1000 1000 1000 1000 1000 1000 1000 1000 1000 1000,1000 1000 1000 1000 1000 1000 1000 1000 1000 1000,1574.6107995999992,0.0971110964964964,0.1343044918181899,0.1358302538092713,-0.0231221453880418,0.0
scotus,K-MeansBA,Qwen2-VL,texto,1400,13,372 222 88 51 28 17 24 260 200 83 15 37 3,372 222 88 51 28 17 24 260 200 83 15 37 3,57.18156710000039,0.0032678680154583,-0.0041029839195222,0.02047765023731,-0.0495687192614232,0.0
emotion,K-MeansBA,Qwen2-VL,texto,2000,6,581 695 159 275 224 66,581 695 159 275 224 66,270.1488133000021,0.0110199408324297,0.0041391657941431,0.0082031304871078,0.0270267103596374,0.0
bbc_news,K-MeansBA,Qwen2-VL,texto,2120,5,343 503 502 369 403,343 503 502 369 403,84.58975639999699,0.7464679608264861,0.7126631111021362,0.7133440847973349,0.2352653829164537,0.0
goemotions,K-MeansBA,Qwen2-VL,texto,4543,28,346 185 129 193 234 85 97 175 56 88 194 76 23 55 65 257 2 92 156 12 107 7 89 7 44 102 87 1580,346 185 129 193 234 85 97 175 56 88 194 76 23 55 65 257 2 92 156 12 107 7 89 7 44 102 87 1580,482.195023100001,-0.0133227699277646,0.0005210721799294,0.0297481302493735,-0.0623653058529526,0.0
patent,K-MeansBA,Qwen2-VL,texto,4987,9,752 648 394 44 156 357 1106 1032 498,752 648 394 44 156 357 1106 1032 498,394.03588290000334,0.0015268240363738,-0.0003349778045408,0.0029680665510763,-0.0131805861718023,0.0
tweeteval_emoji,K-MeansBA,Qwen2-VL,texto,4995,20,1056 520 503 308 242 238 204 199 176 171 159 143 129 153 129 148 137 121 129 130,1056 520 503 308 242 238 204 199 176 171 159 143 129 153 129 148 137 121 129 130,470.58626560000266,-0.000702926964094,0.0013038909674827,0.0149874784283835,-0.0360869198606168,0.0
trec,K-MeansBA,Qwen2-VL,texto,5871,6,93 1339 1286 1280 904 969,93 1339 1286 1280 904 969,451.8060021999991,0.1318918611555302,0.1578710885440656,0.1589677506530791,0.0406887384485784,0.0
20ng,K-MeansBA,Qwen2-VL,texto,7277,20,310 384 379 382 371 382 374 371 384 380 389 380 382 380 377 383 353 369 303 244,310 384 379 382 371 382 374 371 384 380 389 380 382 380 377 383 353 369 303 244,2143.124400199995,0.1835653784723583,0.3201310324534916,0.3258319404366371,0.014258920777703,0.0
ag_news,K-MeansBA,Qwen2-VL,texto,7600,4,1900 1900 1900 1900,1900 1900 1900 1900,450.9736873999937,0.6307110879176823,0.5962292574090737,0.5964018080861223,0.2162988029709363,0.0
reuters_r10,K-MeansBA,Qwen2-VL,texto,7947,10,3909 2285 365 312 298 257 144 143 122 112,3909 2285 365 312 298 257 144 143 122 112,555.7929167000038,0.1770579412299351,0.173289111609291,0.1762767587311291,0.1807900643231466,0.0
sst5,K-MeansBA,Qwen2-VL,texto,8503,5,1089 2207 1607 2315 1285,1089 2207 1607 2315 1285,576.594094,-0.0001749108958667,0.001197730941756,0.001797569114032,0.0054350126906446,0.0
meld_e,K-MeansBA,Qwen2-VL,texto,9958,7,2949 1676 1486 1239 994 830 784,2949 1676 1486 1239 994 830 784,741.2973261000006,-0.0005597484624137,0.0003064939443862,0.0012897360317212,-0.0064170250623605,0.0
liar,K-MeansBA,Qwen2-VL,texto,9990,6,1318 2874 1569 1614 1490 1125,1318 2874 1569 1614 1490 1125,825.1721436000007,0.0169960058567603,0.0303143319695095,0.0310120772854672,0.0496545463583435,0.0
dbpedia14,K-MeansBA,Qwen2-VL,texto,9994,14,714 713 713 714 714 714 714 714 714 714 714 714 714 714,714 713 713 714 714 714 714 714 714 714 714 714 714 714,1034.7732126000046,0.4328656502856474,0.6178208045461095,0.6190499148749311,0.1215024577057112,0.0
yahoo,K-MeansBA,Qwen2-VL,texto,10000,10,1000 1000 1000 1000 1000 1000 1000 1000 1000 1000,1000 1000 1000 1000 1000 1000 1000 1000 1000 1000,1146.2223972000063,0.0001233543543543,0.0002460321628289,0.0020080681098127,-0.009520369875934,0.0
20ng,CSCLP,Qwen2-VL,texto,7277,20,310 384 379 382 371 382 374 371 384 380 389 380 382 380 377 383 353 369 303 244,310 384 379 382 371 382 374 371 384 380 389 380 382 380 377 383 353 369 303 244,147.21109830000023,0.2192858399084533,0.361797357200416,0.3671488803833768,0.0692400717666949,0.0
ag_news,CSCLP,Qwen2-VL,texto,7600,4,1900 1900 1900 1900,1900 1900 1900 1900,70.03895749999901,0.6295265020662574,0.5955189043456671,0.5956917585907782,0.216207084101437,0.0
bbc_news,CSCLP,Qwen2-VL,texto,2120,5,343 503 502 369 403,343 503 502 369 403,5.412871799999266,0.7556791999647258,0.758229627522866,0.7588026109102995,0.2878843020124481,0.0
dbpedia14,CSCLP,Qwen2-VL,texto,9994,14,714 713 713 714 714 714 714 714 714 714 714 714 714 714,714 713 713 714 714 714 714 714 714 714 714 714 714 714,226.6739866999997,0.348321322820305,0.4958742281833052,0.4974955257330818,0.1072852060387419,0.0
emotion,CSCLP,Qwen2-VL,texto,2000,6,581 695 159 275 224 66,581 695 159 275 224 66,5.5162380999991,0.011541166766227,0.0246619007309752,0.0286421150972661,0.135613325467217,0.0
goemotions,CSCLP,Qwen2-VL,texto,4543,28,346 185 129 193 234 85 97 175 56 88 194 76 23 55 65 257 2 92 156 12 107 7 89 7 44 102 87 1580,346 185 129 193 234 85 97 175 56 88 194 76 23 55 65 257 2 92 156 12 107 7 89 7 44 102 87 1580,54.66132280000056,0.0217023836280455,0.0456566898758624,0.0735638788788556,-0.1327565259565372,0.0
liar,CSCLP,Qwen2-VL,texto,9990,6,1318 2874 1569 1614 1490 1125,1318 2874 1569 1614 1490 1125,140.4620345000003,0.0207723218677784,0.0370954899811694,0.0377883558589798,0.0515892287733594,0.0
meld_e,CSCLP,Qwen2-VL,texto,9958,7,2949 1676 1486 1239 994 830 784,2949 1676 1486 1239 994 830 784,113.4610458999996,0.019711965422592,0.0449435534127866,0.0458828930087497,0.0375794407426904,0.0
patent,CSCLP,Qwen2-VL,texto,4987,9,752 648 394 44 156 357 1106 1032 498,752 648 394 44 156 357 1106 1032 498,35.18507689999933,0.0944047018377887,0.1992239878145826,0.2018681007825884,0.0489205234736297,0.0
reuters_r10,CSCLP,Qwen2-VL,texto,7947,10,3909 2285 365 312 298 257 144 143 122 112,3909 2285 365 312 298 257 144 143 122 112,98.89281840000147,0.1309286137574176,0.2660931132933443,0.2687453764104234,-0.1852159140230673,0.0
scotus,CSCLP,Qwen2-VL,texto,1400,13,372 222 88 51 28 17 24 260 200 83 15 37 3,372 222 88 51 28 17 24 260 200 83 15 37 3,3.515428599999723,0.0593041622687122,0.1125906175330569,0.1343145698836543,-0.0796738866592402,0.0
sst5,CSCLP,Qwen2-VL,texto,8503,5,1089 2207 1607 2315 1285,1089 2207 1607 2315 1285,80.50927050000064,0.0005856308655482,0.0018220037876152,0.002421467048165,0.1163126228074678,0.0
trec,CSCLP,Qwen2-VL,texto,5871,6,93 1339 1286 1280 904 969,93 1339 1286 1280 904 969,50.21523589999924,0.1205909877541139,0.1668196640384774,0.167904672867879,0.0101630693235209,0.0
tweeteval_emoji,CSCLP,Qwen2-VL,texto,4995,20,1056 520 503 308 242 238 204 199 176 171 159 143 129 153 129 148 137 121 129 130,1056 520 503 308 242 238 204 199 176 171 159 143 129 153 129 148 137 121 129 130,58.1845871000005,0.0027111905971908,0.0237260224769309,0.0371023941643903,-0.0021736798015417,0.0
yahoo,CSCLP,Qwen2-VL,texto,10000,10,1000 1000 1000 1000 1000 1000 1000 1000 1000 1000,1000 1000 1000 1000 1000 1000 1000 1000 1000 1000,134.96212839999862,0.2273645585585585,0.2849566589560953,0.2862169010867632,0.0554601109937731,0.0
scotus,HCAKC,Qwen2-VL,texto,1400,13,372 222 88 51 28 17 24 260 200 83 15 37 3,88 372 260 200 83 51 3 222 28 37 15 24 17,22.168645300000207,0.032036298227164,0.0434128564593728,0.0668302937054172,-0.0466723669818846,0.0
emotion,HCAKC,Qwen2-VL,texto,2000,6,581 695 159 275 224 66,66 581 695 275 224 159,23.934590800003207,0.0062800424969601,0.0042214035270052,0.0082850326196216,0.0150457621473366,0.0
bbc_news,HCAKC,Qwen2-VL,texto,2120,5,343 503 502 369 403,502 503 403 343 369,30.30100870000024,0.3660714153988627,0.4300829357903838,0.4314336100134543,0.076123510821599,0.0
goemotions,HCAKC,Qwen2-VL,texto,4543,28,346 185 129 193 234 85 97 175 56 88 194 76 23 55 65 257 2 92 156 12 107 7 89 7 44 102 87 1580,234 346 1580 129 257 194 193 185 12 156 7 7 88 175 107 2 76 56 55 87 85 44 92 97 23 89 102 65,303.0951478999996,-0.0010679422390369,0.0067428926213139,0.0357880103793853,-0.1391992576232727,0.0
patent,HCAKC,Qwen2-VL,texto,4987,9,752 648 394 44 156 357 1106 1032 498,1106 752 648 1032 394 357 498 44 156,165.85805609999807,0.1035346296626449,0.151720400730752,0.1545213676113672,0.0210530105390763,0.0
tweeteval_emoji,HCAKC,Qwen2-VL,texto,4995,20,1056 520 503 308 242 238 204 199 176 171 159 143 129 153 129 148 137 121 129 130,171 1056 503 520 308 242 238 148 199 176 204 159 129 129 129 137 143 130 153 121,264.27311969999573,0.0048456433338243,0.0089395351527705,0.0225185031963282,-0.0558356669605537,0.0
trec,HCAKC,Qwen2-VL,texto,5871,6,93 1339 1286 1280 904 969,1286 904 1339 1280 969 93,194.3641123999987,0.1203433982781342,0.1522777738752718,0.1533817198765464,-0.0177990089569215,0.0
20ng,HCAKC,Qwen2-VL,texto,7277,20,310 384 379 382 371 382 374 371 384 380 389 380 382 380 377 383 353 369 303 244,389 384 384 382 382 383 382 371 380 380 379 380 374 353 377 371 310 244 369 303,1828.1170727000065,0.1064077913158407,0.2158436790514253,0.2224190681977522,-0.0907184994810557,0.0
ag_news,HCAKC,Qwen2-VL,texto,7600,4,1900 1900 1900 1900,1900 1900 1900 1900,385.49154940000153,0.4478337191611272,0.454154882536517,0.4543881484338368,0.1328848542796905,0.0
reuters_r10,HCAKC,Qwen2-VL,texto,7947,10,3909 2285 365 312 298 257 144 143 122 112,3909 144 365 312 2285 257 298 122 143 112,290.59146930000134,0.2785081727384838,0.3212710850876599,0.3237239407565788,0.1410613442249158,0.0
sst5,HCAKC,Qwen2-VL,texto,8503,5,1089 2207 1607 2315 1285,2315 1607 2207 1285 1089,402.8976254000008,0.0003695919700079,0.0001350672757563,0.0007355436386441,0.0370301423247073,0.0
meld_e,HCAKC,Qwen2-VL,texto,9958,7,2949 1676 1486 1239 994 830 784,1676 1486 1239 2949 784 994 830,371.15416749999713,0.0237489567179022,0.0414856826402531,0.0424284232026679,-0.0203241286439318,0.0
liar,HCAKC,Qwen2-VL,texto,9990,6,1318 2874 1569 1614 1490 1125,1614 2874 1490 1569 1125 1318,511.9772902999976,0.0175287602838287,0.0289059600515319,0.0296047187731129,0.0175560925110954,0.0
dbpedia14,HCAKC,Qwen2-VL,texto,9994,14,714 713 713 714 714 714 714 714 714 714 714 714 714 714,714 714 714 714 714 714 714 714 714 714 714 714 713 713,567.1611004999941,0.4846615809371662,0.6357416006888134,0.6369130767039367,0.0531645201162041,0.0
yahoo,HCAKC,Qwen2-VL,texto,10000,10,1000 1000 1000 1000 1000 1000 1000 1000 1000 1000,1000 1000 1000 1000 1000 1000 1000 1000 1000 1000,906.0056289999992,0.1157645529529529,0.1660311893067038,0.1675010339588675,-0.0298381365348596,0.0
scotus,K-MedoidsSC,Qwen2-VL,texto,1400,13,372 222 88 51 28 17 24 260 200 83 15 37 3,372 222 88 51 28 17 24 260 200 83 15 37 3,4.905234699996072,0.0311950717378333,0.0235327188334955,0.0474368256719971,-0.1007448852495883,0.0
emotion,K-MedoidsSC,Qwen2-VL,texto,2000,6,581 695 159 275 224 66,581 695 159 275 224 66,7.725184900002205,-0.0006642071835273,0.0019985709154928,0.0060712710679816,0.0352457424032752,0.0
bbc_news,K-MedoidsSC,Qwen2-VL,texto,2120,5,343 503 502 369 403,343 503 502 369 403,8.291526000000886,0.045573913907015,0.063861750540633,0.0660803501969331,-0.0424974905611346,0.0
goemotions,K-MedoidsSC,Qwen2-VL,texto,4543,28,346 185 129 193 234 85 97 175 56 88 194 76 23 55 65 257 2 92 156 12 107 7 89 7 44 102 87 1580,346 185 129 193 234 85 97 175 56 88 194 76 23 55 65 257 2 92 156 12 107 7 89 7 44 102 87 1580,82.97413559999404,0.0341583529634232,0.0033118523411893,0.0324573015927166,-0.1808590480599613,0.0
patent,K-MedoidsSC,Qwen2-VL,texto,4987,9,752 648 394 44 156 357 1106 1032 498,752 648 394 44 156 357 1106 1032 498,58.96060739999666,0.0073772190132678,0.0137102952684902,0.0169669629993005,-0.0779501194645009,0.0
tweeteval_emoji,K-MedoidsSC,Qwen2-VL,texto,4995,20,1056 520 503 308 242 238 204 199 176 171 159 143 129 153 129 148 137 121 129 130,1056 520 503 308 242 238 204 199 176 171 159 143 129 153 129 148 137 121 129 130,108.485723400001,0.0059017947115264,0.0071461885617452,0.0207497280587252,-0.0913248352787597,0.0
trec,K-MedoidsSC,Qwen2-VL,texto,5871,6,93 1339 1286 1280 904 969,93 1339 1286 1280 904 969,88.18599560000439,0.0245266357124081,0.0404877084925037,0.0417372330711216,-0.1965099965798594,0.0
20ng,K-MedoidsSC,Qwen2-VL,texto,7277,20,310 384 379 382 371 382 374 371 384 380 389 380 382 380 377 383 353 369 303 244,310 384 379 382 371 382 374 371 384 380 389 380 382 380 377 383 353 369 303 244,261.56672609999805,0.0051597890097931,0.0176001840955905,0.0258379052160902,-0.0766412446223031,0.0
ag_news,K-MedoidsSC,Qwen2-VL,texto,7600,4,1900 1900 1900 1900,1900 1900 1900 1900,129.35955260000628,0.0120513355184752,0.0126830739607389,0.0131050020156456,-0.0332971462033979,0.0
reuters_r10,K-MedoidsSC,Qwen2-VL,texto,7947,10,3909 2285 365 312 298 257 144 143 122 112,3909 2285 365 312 298 257 144 143 122 112,169.68745769999805,0.3711237183069067,0.2086587446087557,0.2115185695575522,0.1332752546333404,0.0
sst5,K-MedoidsSC,Qwen2-VL,texto,8503,5,1089 2207 1607 2315 1285,1089 2207 1607 2315 1285,129.08780480000132,0.0020305133580025,0.0019407862957486,0.0025401782205749,-0.0530535981499026,0.0
meld_e,K-MedoidsSC,Qwen2-VL,texto,9958,7,2949 1676 1486 1239 994 830 784,2949 1676 1486 1239 994 830 784,203.3115324000028,0.0117380448909234,0.0087473495146403,0.0097222896530284,-0.0302402111002432,0.0
liar,K-MedoidsSC,Qwen2-VL,texto,9990,6,1318 2874 1569 1614 1490 1125,1318 2874 1569 1614 1490 1125,287.92335209999874,-0.0004607442782373,0.001313163517425,0.0020317768632111,-0.1096606815921567,0.0
dbpedia14,K-MedoidsSC,Qwen2-VL,texto,9994,14,714 713 713 714 714 714 714 714 714 714 714 714 714 714,714 713 713 714 714 714 714 714 714 714 714 714 714 714,453.9519466999991,0.0365267064311595,0.0699299870241545,0.0729211458132093,-0.0505884138551248,0.0
yahoo,K-MedoidsSC,Qwen2-VL,texto,10000,10,1000 1000 1000 1000 1000 1000 1000 1000 1000 1000,1000 1000 1000 1000 1000 1000 1000 1000 1000 1000,249.87505360000068,0.0227948718718718,0.0392716463846071,0.0409649008740283,-0.1094504775672891,0.0
scotus,MILP-KM,Qwen2-VL,texto,1400,13,372 222 88 51 28 17 24 260 200 83 15 37 3,372 222 88 51 28 17 24 260 200 83 15 37 3,6.8911797999971895,0.0535595705667962,0.1395365345628435,0.1606008456822755,0.0585299598076823,0.0
emotion,MILP-KM,Qwen2-VL,texto,2000,6,581 695 159 275 224 66,581 695 159 275 224 66,8.974250799998117,0.0203694310199195,0.02755765922135,0.0315260564141363,0.1622229910779918,0.0
bbc_news,MILP-KM,Qwen2-VL,texto,2120,5,343 503 502 369 403,343 503 502 369 403,8.626603199998499,0.7254957721618752,0.7372990904657676,0.7379216781529376,0.2530579313544536,0.0
goemotions,MILP-KM,Qwen2-VL,texto,4543,28,346 185 129 193 234 85 97 175 56 88 194 76 23 55 65 257 2 92 156 12 107 7 89 7 44 102 87 1580,346 185 129 193 234 85 97 175 56 88 194 76 23 55 65 257 2 92 156 12 107 7 89 7 44 102 87 1580,176.05430530000012,-0.0136790557127222,0.0441404457757297,0.0720919732366218,-0.0117821410490149,0.0
patent,MILP-KM,Qwen2-VL,texto,4987,9,752 648 394 44 156 357 1106 1032 498,752 648 394 44 156 357 1106 1032 498,48.57621110000037,0.1024490721619159,0.194877695218429,0.1975361593763323,0.1019486939465539,0.0
tweeteval_emoji,MILP-KM,Qwen2-VL,texto,4995,20,1056 520 503 308 242 238 204 199 176 171 159 143 129 153 129 148 137 121 129 130,1056 520 503 308 242 238 204 199 176 171 159 143 129 153 129 148 137 121 129 130,152.89723899999808,0.0083674903492695,0.027820327953835,0.0411406017086218,0.0361235643568392,0.0
trec,MILP-KM,Qwen2-VL,texto,5871,6,93 1339 1286 1280 904 969,93 1339 1286 1280 904 969,42.22498729999643,0.160679333835416,0.1866014919491167,0.1876607398993685,0.0451182186384019,0.0
20ng,MILP-KM,Qwen2-VL,texto,7277,20,310 384 379 382 371 382 374 371 384 380 389 380 382 380 377 383 353 369 303 244,310 384 379 382 371 382 374 371 384 380 389 380 382 380 377 383 353 369 303 244,297.09157660000346,0.2359918353418958,0.3890828420752356,0.3942055681723282,0.0941558029939622,0.0
ag_news,MILP-KM,Qwen2-VL,texto,7600,4,1900 1900 1900 1900,1900 1900 1900 1900,27.3335619999998,0.6555271638812672,0.6173834173132406,0.6175469277993372,0.2228838342637926,0.0
reuters_r10,MILP-KM,Qwen2-VL,texto,7947,10,3909 2285 365 312 298 257 144 143 122 112,3909 2285 365 312 298 257 144 143 122 112,121.5859203,0.3300692954914586,0.2984097476885222,0.3009452218518157,-0.1553005665074557,0.0
sst5,MILP-KM,Qwen2-VL,texto,8503,5,1089 2207 1607 2315 1285,1089 2207 1607 2315 1285,34.90104689999862,0.0056300738078661,0.0067784346691562,0.0073749213080732,0.1153187698025534,0.0
meld_e,MILP-KM,Qwen2-VL,texto,9958,7,2949 1676 1486 1239 994 830 784,2949 1676 1486 1239 994 830 784,139.32066699999996,0.0194385271368407,0.0529744752273179,0.0539059160620303,0.0706837014538102,0.0
liar,MILP-KM,Qwen2-VL,texto,9990,6,1318 2874 1569 1614 1490 1125,1318 2874 1569 1614 1490 1125,109.05988519999664,0.0215866239589901,0.031325638638041,0.0320226562599487,0.0880594036478379,0.0
dbpedia14,MILP-KM,Qwen2-VL,texto,9994,14,714 713 713 714 714 714 714 714 714 714 714 714 714 714,714 713 713 714 714 714 714 714 714 714 714 714 714 714,247.97630860000208,0.4685889206194958,0.6292257567659301,0.6304181881108094,0.1647286898136139,0.0
yahoo,MILP-KM,Qwen2-VL,texto,10000,10,1000 1000 1000 1000 1000 1000 1000 1000 1000 1000,1000 1000 1000 1000 1000 1000 1000 1000 1000 1000,177.22686319999775,0.2273634464464464,0.2968138084082425,0.2980531526738,0.0594815362682719,0.0
scotus,K-MeansPSO,Qwen2-VL,texto,1400,13,372 222 88 51 28 17 24 260 200 83 15 37 3,372 222 88 51 28 17 24 260 200 83 15 37 3,9.02108340000268,0.0073300067387128,0.0025255443236126,0.0269439108342452,-0.129144643886675,0.0
emotion,K-MeansPSO,Qwen2-VL,texto,2000,6,581 695 159 275 224 66,581 695 159 275 224 66,21.69657620000362,-0.0019917044836674,-0.0005336574158925,0.0035493763958584,-0.0288256585740698,0.0
bbc_news,K-MeansPSO,Qwen2-VL,texto,2120,5,343 503 502 369 403,343 503 502 369 403,22.4398102999985,0.0021412936044629,0.0023247087298644,0.0046891480203104,-0.0195341514552462,0.0
goemotions,K-MeansPSO,Qwen2-VL,texto,4543,28,346 185 129 193 234 85 97 175 56 88 194 76 23 55 65 257 2 92 156 12 107 7 89 7 44 102 87 1580,346 185 129 193 234 85 97 175 56 88 194 76 23 55 65 257 2 92 156 12 107 7 89 7 44 102 87 1580,114.63067609999416,-0.0057706027529631,0.0013513660654494,0.0305541444358109,-0.1376999483866986,0.0
patent,K-MeansPSO,Qwen2-VL,texto,4987,9,752 648 394 44 156 357 1106 1032 498,752 648 394 44 156 357 1106 1032 498,115.5945217000044,0.0007674898483283,-0.0004178605990881,0.0028854574304011,-0.018959973926265,0.0
tweeteval_emoji,K-MeansPSO,Qwen2-VL,texto,4995,20,1056 520 503 308 242 238 204 199 176 171 159 143 129 153 129 148 137 121 129 130,1056 520 503 308 242 238 204 199 176 171 159 143 129 153 129 148 137 121 129 130,132.97364510000625,-0.0006938656081366,0.0008926874888954,0.0145819090347921,-0.046647055305351,0.0
trec,K-MeansPSO,Qwen2-VL,texto,5871,6,93 1339 1286 1280 904 969,93 1339 1286 1280 904 969,163.2516031999985,-1.2799566648305586e-05,-6.822769661268675e-05,0.0012341108371006,-0.0153795643639611,0.0
20ng,K-MeansPSO,Qwen2-VL,texto,7277,20,310 384 379 382 371 382 374 371 384 380 389 380 382 380 377 383 353 369 303 244,310 384 379 382 371 382 374 371 384 380 389 380 382 380 377 383 353 369 303 244,258.4683535000004,4.354828213905927e-05,0.0002509167395728,0.0086341167412877,-0.0365793174437851,0.0
ag_news,K-MeansPSO,Qwen2-VL,texto,7600,4,1900 1900 1900 1900,1900 1900 1900 1900,247.814400299998,0.0011576534668341,0.0012492026856953,0.0016760169842587,-0.0100318712538392,0.0
reuters_r10,K-MeansPSO,Qwen2-VL,texto,7947,10,3909 2285 365 312 298 257 144 143 122 112,3909 2285 365 312 298 257 144 143 122 112,306.9244554000033,0.0138569167719969,0.0024285527453674,0.0060336721469274,-0.0556255407447771,0.0
sst5,K-MeansPSO,Qwen2-VL,texto,8503,5,1089 2207 1607 2315 1285,1089 2207 1607 2315 1285,291.46446260000084,0.0004976814964423,0.0002220784238817,0.0008225025315739,-0.0186946737568693,0.0
meld_e,K-MeansPSO,Qwen2-VL,texto,9958,7,2949 1676 1486 1239 994 830 784,2949 1676 1486 1239 994 830 784,391.6344788999995,0.0006404418845733,-0.0002698960991023,0.000713912892935,-0.0190754671655594,0.0
liar,K-MeansPSO,Qwen2-VL,texto,9990,6,1318 2874 1569 1614 1490 1125,1318 2874 1569 1614 1490 1125,463.3116888000004,0.000354087785048,-4.133662973701344e-05,0.0006782513577957,-0.0129852380685198,0.0
dbpedia14,K-MeansPSO,Qwen2-VL,texto,9994,14,714 713 713 714 714 714 714 714 714 714 714 714 714 714,714 713 713 714 714 714 714 714 714 714 714 714 714 714,477.8134972999978,0.1321141295737729,0.2757168863659724,0.2780462226211848,-0.0810519717334782,0.0
yahoo,K-MeansPSO,Qwen2-VL,texto,10000,10,1000 1000 1000 1000 1000 1000 1000 1000 1000 1000,1000 1000 1000 1000 1000 1000 1000 1000 1000 1000,412.1162265999956,0.0002080972972972,0.000424686838161,0.0021864079117159,-0.0150254172222676,0.0
scotus,SCK,Qwen2-VL,texto,1400,13,372 222 88 51 28 17 24 260 200 83 15 37 3,372 222 88 51 28 17 24 260 200 83 15 37 3,0.9066262999986066,0.040221204609841,0.1311436115505156,0.152413383039428,-0.0657195985031889,0.0
emotion,SCK,Qwen2-VL,texto,2000,6,581 695 159 275 224 66,581 695 159 275 224 66,1.002554599996074,0.0158412807200551,0.0201040381974,0.0241028525445071,-0.005880895061895,0.0
bbc_news,SCK,Qwen2-VL,texto,2120,5,343 503 502 369 403,343 503 502 369 403,0.9760317000036594,0.1495922490760521,0.205437617977107,0.2073206900860429,0.0500064609469068,0.0
goemotions,SCK,Qwen2-VL,texto,4543,28,346 185 129 193 234 85 97 175 56 88 194 76 23 55 65 257 2 92 156 12 107 7 89 7 44 102 87 1580,346 185 129 193 234 85 97 175 56 88 194 76 23 55 65 257 2 92 156 12 107 7 89 7 44 102 87 1580,25.80206249999901,0.0252028719747843,0.0394840721153235,0.0675717626303608,-0.099635967339117,0.0
patent,SCK,Qwen2-VL,texto,4987,9,752 648 394 44 156 357 1106 1032 498,752 648 394 44 156 357 1106 1032 498,6.38913550000143,0.1107368742761895,0.1928704790146375,0.1955355708765595,0.0320990316038263,0.0
tweeteval_emoji,SCK,Qwen2-VL,texto,4995,20,1056 520 503 308 242 238 204 199 176 171 159 143 129 153 129 148 137 121 129 130,1056 520 503 308 242 238 204 199 176 171 159 143 129 153 129 148 137 121 129 130,15.75925830000051,0.0016711482967463,0.0276465445228481,0.0409691993630879,-0.0295221551681456,0.0
trec,SCK,Qwen2-VL,texto,5871,6,93 1339 1286 1280 904 969,93 1339 1286 1280 904 969,5.362214000000677,0.1117444954466874,0.1350474606994425,0.1361738448706093,-0.004481752157333,0.0
20ng,SCK,Qwen2-VL,texto,7277,20,310 384 379 382 371 382 374 371 384 380 389 380 382 380 377 383 353 369 303 244,310 384 379 382 371 382 374 371 384 380 389 380 382 380 377 383 353 369 303 244,29.73135100000217,0.1048443199755029,0.2417320689925232,0.2480903761187388,-0.0006742162832441,0.0
ag_news,SCK,Qwen2-VL,texto,7600,4,1900 1900 1900 1900,1900 1900 1900 1900,3.201039999999921,0.2057045189259838,0.2380450336211486,0.2383706536610889,0.0688284076618875,0.0
reuters_r10,SCK,Qwen2-VL,texto,7947,10,3909 2285 365 312 298 257 144 143 122 112,3909 2285 365 312 298 257 144 143 122 112,9.372628900004202,0.2913559494393544,0.2410437329869439,0.2437865219577732,-0.1317429541307847,0.0
sst5,SCK,Qwen2-VL,texto,8503,5,1089 2207 1607 2315 1285,1089 2207 1607 2315 1285,4.100248300004751,0.0073781287081103,0.0079333292071664,0.0085291222655316,0.0771853781503594,0.0
meld_e,SCK,Qwen2-VL,texto,9958,7,2949 1676 1486 1239 994 830 784,2949 1676 1486 1239 994 830 784,8.986730500000704,0.0147582005539191,0.0279499525693399,0.0289060061115909,0.0326784148632947,0.0
liar,SCK,Qwen2-VL,texto,9990,6,1318 2874 1569 1614 1490 1125,1318 2874 1569 1614 1490 1125,8.344757700004266,0.013812463610155,0.0133696405132471,0.0140795785216243,0.026437837197239,0.0
dbpedia14,SCK,Qwen2-VL,texto,9994,14,714 713 713 714 714 714 714 714 714 714 714 714 714 714,714 713 713 714 714 714 714 714 714 714 714 714 714 714,18.66150979999657,0.2228065088275781,0.3615134118845812,0.3635668215667453,0.0459535740123758,0.0
yahoo,SCK,Qwen2-VL,texto,10000,10,1000 1000 1000 1000 1000 1000 1000 1000 1000 1000,1000 1000 1000 1000 1000 1000 1000 1000 1000 1000,19.4825667000041,0.2165919733733733,0.2752795235601054,0.2765568213474449,0.0416875458905969,0.0
scotus,K-MeansACO,InternVL2,texto,1400,13,372 222 88 51 28 17 24 260 200 83 15 37 3,372 222 88 51 28 17 24 260 200 83 15 37 3,97.15124710000237,0.0092701326960881,0.0315036314907334,0.0552126088544088,-0.0345131293642187,0.0
emotion,K-MeansACO,InternVL2,texto,2000,6,581 695 159 275 224 66,581 695 159 275 224 66,147.0892146000042,0.0011166480902802,0.0084871831258902,0.0125334041860965,0.0417436064297049,0.0
bbc_news,K-MeansACO,InternVL2,texto,2119,5,342 503 502 369 403,342 503 502 369 403,157.4594369999977,0.6855692111667864,0.6853191859122199,0.6860653671796453,0.2125619688074099,0.0
goemotions,K-MeansACO,InternVL2,texto,4543,28,346 185 129 193 234 85 97 175 56 88 194 76 23 55 65 257 2 92 156 12 107 7 89 7 44 102 87 1580,346 185 129 193 234 85 97 175 56 88 194 76 23 55 65 257 2 92 156 12 107 7 89 7 44 102 87 1580,485.4791113000029,0.0004499755362637,0.004203964473998,0.0333233263189934,-0.0402862625932517,0.0
patent,K-MeansACO,InternVL2,texto,4987,9,752 648 394 44 156 357 1106 1032 498,752 648 394 44 156 357 1106 1032 498,500.5768940999988,0.1132107343973727,0.1810192190864152,0.1837234430771554,0.0780790912528389,0.0
tweeteval_emoji,K-MeansACO,InternVL2,texto,4995,20,1056 520 503 308 242 238 204 199 176 171 159 143 129 153 129 148 137 121 129 130,1056 520 503 308 242 238 204 199 176 171 159 143 129 153 129 148 137 121 129 130,513.8060494999954,0.005022843183658,0.0176682882892819,0.0311276597349478,-0.040107208079778,0.0
trec,K-MeansACO,InternVL2,texto,5871,6,93 1339 1286 1280 904 969,93 1339 1286 1280 904 969,643.5784826000017,0.0721137705617836,0.1085432913575,0.1097041905748228,0.0553898042592628,0.0
20ng,K-MeansACO,InternVL2,texto,7276,20,310 384 379 381 371 382 374 371 384 380 389 380 382 380 377 383 353 369 303 244,310 384 379 381 371 382 374 371 384 380 389 380 382 380 377 383 353 369 303 244,903.3568944,0.1700434608980124,0.2946180622074045,0.3005337129257986,-0.0005589577378814,0.0
ag_news,K-MeansACO,InternVL2,texto,7600,4,1900 1900 1900 1900,1900 1900 1900 1900,936.6741512000008,0.5782443912746029,0.5397176610401476,0.539914361842963,0.1892636659008719,0.0
reuters_r10,K-MeansACO,InternVL2,texto,7948,10,3909 2285 365 312 298 257 145 143 122 112,3909 2285 365 312 298 257 145 143 122 112,1095.7672164999967,0.1572381798249159,0.2254684291996266,0.2282662585151686,-0.2067065673840047,0.0
sst5,K-MeansACO,InternVL2,texto,8503,5,1089 2207 1607 2315 1285,1089 2207 1607 2315 1285,1442.9941969000065,0.0011890385964455,0.0010981611821031,0.001698059151743,-0.0287386723511285,0.0
meld_e,K-MeansACO,InternVL2,texto,9958,7,2949 1676 1486 1239 994 830 784,2949 1676 1486 1239 994 830 784,1810.842595200004,0.0228187399039326,0.0387777149068265,0.0397231188734052,-0.018292265692103,0.0
liar,K-MeansACO,InternVL2,texto,9990,6,1318 2874 1569 1614 1490 1125,1318 2874 1569 1614 1490 1125,1011.4035844000028,0.0188210971855012,0.0296525957764694,0.0303508172501597,0.0120632137539857,0.0
dbpedia14,K-MeansACO,InternVL2,texto,9994,14,714 713 713 714 714 714 714 714 714 714 714 714 714 714,714 713 713 714 714 714 714 714 714 714 714 714 714 714,1007.0146972000002,0.427198245677028,0.5806630055702371,0.5820116175230632,0.0362238579034275,0.0
yahoo,K-MeansACO,InternVL2,texto,9995,10,1000 997 1000 1000 999 1000 1000 999 1000 1000,1000 997 1000 1000 999 1000 1000 999 1000 1000,906.1859399000024,0.1353663769606928,0.1904122174899624,0.1918398068463055,-0.0126801609083949,0.0
scotus,K-MeansBA,InternVL2,texto,1400,13,372 222 88 51 28 17 24 260 200 83 15 37 3,372 222 88 51 28 17 24 260 200 83 15 37 3,63.51339780000126,-0.001188358792888,0.0003047790423068,0.0247775103141265,-0.0660651019780397,0.0
emotion,K-MeansBA,InternVL2,texto,2000,6,581 695 159 275 224 66,581 695 159 275 224 66,83.24136510000244,-0.0020568577253921,0.0001724881149216,0.0042526402484232,-0.0091617687723076,0.0
bbc_news,K-MeansBA,InternVL2,texto,2119,5,342 503 502 369 403,342 503 502 369 403,69.3305371000024,0.7809309169308367,0.7645629780105833,0.7651212538494716,0.2638317761493544,0.0
goemotions,K-MeansBA,InternVL2,texto,4543,28,346 185 129 193 234 85 97 175 56 88 194 76 23 55 65 257 2 92 156 12 107 7 89 7 44 102 87 1580,346 185 129 193 234 85 97 175 56 88 194 76 23 55 65 257 2 92 156 12 107 7 89 7 44 102 87 1580,358.97141150000243,0.0058698853328179,0.0022377323206122,0.0314145913070935,-0.0640242418886691,0.0
patent,K-MeansBA,InternVL2,texto,4987,9,752 648 394 44 156 357 1106 1032 498,752 648 394 44 156 357 1106 1032 498,310.40987640000094,0.1096228958050373,0.1595564327402552,0.1623315255268183,-0.004468521998872,0.0
tweeteval_emoji,K-MeansBA,InternVL2,texto,4995,20,1056 520 503 308 242 238 204 199 176 171 159 143 129 153 129 148 137 121 129 130,1056 520 503 308 242 238 204 199 176 171 159 143 129 153 129 148 137 121 129 130,358.7839593000026,0.0022067751155619,-0.0007891134074775,0.0129231512537865,-0.0380203510409363,0.0
trec,K-MeansBA,InternVL2,texto,5871,6,93 1339 1286 1280 904 969,93 1339 1286 1280 904 969,392.9636737999972,0.1005413451374102,0.1294037245422244,0.1305374582670197,0.0337993702587238,0.0
20ng,K-MeansBA,InternVL2,texto,7276,20,310 384 379 381 371 382 374 371 384 380 389 380 382 380 377 383 353 369 303 244,310 384 379 381 371 382 374 371 384 380 389 380 382 380 377 383 353 369 303 244,632.4603745999993,0.1723028040227477,0.2998831056232332,0.3057546013155394,-0.0224612264328911,0.0
ag_news,K-MeansBA,InternVL2,texto,7600,4,1900 1900 1900 1900,1900 1900 1900 1900,489.58193890000257,0.5784627600326167,0.5403832426892924,0.540579659057026,0.189419269866678,0.0
reuters_r10,K-MeansBA,InternVL2,texto,7948,10,3909 2285 365 312 298 257 145 143 122 112,3909 2285 365 312 298 257 145 143 122 112,735.3094237999976,-0.002944016681548,0.000119918728293,0.0037317712451862,-0.024158610436542,0.0
sst5,K-MeansBA,InternVL2,texto,8503,5,1089 2207 1607 2315 1285,1089 2207 1607 2315 1285,846.6333697000009,0.0038146291312939,0.0055998074667528,0.0061970019390506,0.0327648175287598,0.0
meld_e,K-MeansBA,InternVL2,texto,9958,7,2949 1676 1486 1239 994 830 784,2949 1676 1486 1239 994 830 784,1124.444711899996,0.000478014276413,-2.576880281789452e-05,0.0009578000793948,-0.0064669559024488,0.0
liar,K-MeansBA,InternVL2,texto,9990,6,1318 2874 1569 1614 1490 1125,1318 2874 1569 1614 1490 1125,726.6174410999956,0.0004094698667478,-0.0002145987402619,0.0005051139194507,-0.0046412175251182,0.0
dbpedia14,K-MeansBA,InternVL2,texto,9994,14,714 713 713 714 714 714 714 714 714 714 714 714 714 714,714 713 713 714 714 714 714 714 714 714 714 714 714 714,682.9110868999996,0.4041447140863233,0.5637168980490309,0.5651200096607485,0.0302310945999257,0.0
yahoo,K-MeansBA,InternVL2,texto,9995,10,1000 997 1000 1000 999 1000 1000 999 1000 1000,1000 997 1000 1000 999 1000 1000 999 1000 1000,635.268716300001,1.160998190374204e-05,1.890120735393203e-05,0.0017822212623511,-0.0107147898711067,0.0
20ng,CSCLP,InternVL2,texto,7276,20,310 384 379 381 371 382 374 371 384 380 389 380 382 380 377 383 353 369 303 244,310 384 379 381 371 382 374 371 384 380 389 380 382 380 377 383 353 369 303 244,83.85471159999906,0.1989779097154509,0.3422866773383862,0.3478025575746684,0.0365959330549863,0.0
ag_news,CSCLP,InternVL2,texto,7600,4,1900 1900 1900 1900,1900 1900 1900 1900,38.716075099999216,0.558415140932901,0.5242333094572444,0.5244366274689546,0.1929103525892578,0.0
bbc_news,CSCLP,InternVL2,texto,2119,5,342 503 502 369 403,342 503 502 369 403,3.6664370999988014,0.7647662453594628,0.7711405748433307,0.7716832536730543,0.266320017454883,0.0
dbpedia14,CSCLP,InternVL2,texto,9994,14,714 713 713 714 714 714 714 714 714 714 714 714 714 714,714 713 713 714 714 714 714 714 714 714 714 714 714 714,260.7953139000001,0.3731689682552682,0.5120184364078317,0.5135878132530921,0.0826369106636086,0.0
emotion,CSCLP,InternVL2,texto,2000,6,581 695 159 275 224 66,581 695 159 275 224 66,2.6453275000003487,0.0090164786493961,0.0124977723291646,0.0165276267522262,0.0584502276032882,0.0
goemotions,CSCLP,InternVL2,texto,4543,28,346 185 129 193 234 85 97 175 56 88 194 76 23 55 65 257 2 92 156 12 107 7 89 7 44 102 87 1580,346 185 129 193 234 85 97 175 56 88 194 76 23 55 65 257 2 92 156 12 107 7 89 7 44 102 87 1580,40.9617503999998,0.0343961366929901,0.0413726469624543,0.0694051112138965,-0.0649156489923418,0.0
liar,CSCLP,InternVL2,texto,9990,6,1318 2874 1569 1614 1490 1125,1318 2874 1569 1614 1490 1125,86.98036839999986,0.01364260756054,0.0281553301063931,0.0288546289499389,0.0429753927426737,0.0
meld_e,CSCLP,InternVL2,texto,9958,7,2949 1676 1486 1239 994 830 784,2949 1676 1486 1239 994 830 784,82.69143789999907,0.0230623813161731,0.0589069530006632,0.0598325589852004,0.0231499536166047,0.0
patent,CSCLP,InternVL2,texto,4987,9,752 648 394 44 156 357 1106 1032 498,752 648 394 44 156 357 1106 1032 498,23.75336120000065,0.0963737808103688,0.1702193921018146,0.1729592764546882,-0.0021849296148931,0.0
reuters_r10,CSCLP,InternVL2,texto,7948,10,3909 2285 365 312 298 257 145 143 122 112,3909 2285 365 312 298 257 145 143 122 112,84.28582330000063,0.2168823410676333,0.2924846085648989,0.295040356294212,-0.0800083745656909,0.0
scotus,CSCLP,InternVL2,texto,1400,13,372 222 88 51 28 17 24 260 200 83 15 37 3,372 222 88 51 28 17 24 260 200 83 15 37 3,2.4696416999995563,0.0630934707792108,0.1043154783447552,0.1262420076941686,0.076018223845072,0.0
sst5,CSCLP,InternVL2,texto,8503,5,1089 2207 1607 2315 1285,1089 2207 1607 2315 1285,46.11638799999855,0.0043940506706169,0.0057372270837618,0.0063343390276809,0.0040079208256982,0.0
trec,CSCLP,InternVL2,texto,5871,6,93 1339 1286 1280 904 969,93 1339 1286 1280 904 969,30.926468800000293,0.0590947210030533,0.0847588676402808,0.0859507401158787,0.0275997123638417,0.0
tweeteval_emoji,CSCLP,InternVL2,texto,4995,20,1056 520 503 308 242 238 204 199 176 171 159 143 129 153 129 148 137 121 129 130,1056 520 503 308 242 238 204 199 176 171 159 143 129 153 129 148 137 121 129 130,36.75963600000068,0.0093088645515111,0.0257453293645897,0.0390940336143192,0.0185824481611816,0.0
yahoo,CSCLP,InternVL2,texto,9995,10,1000 997 1000 1000 999 1000 1000 999 1000 1000,1000 997 1000 1000 999 1000 1000 999 1000 1000,111.50250950000007,0.1540309252230195,0.2103562668065269,0.2117486877560069,0.0063522345007513,0.0
scotus,HCAKC,InternVL2,texto,1400,13,372 222 88 51 28 17 24 260 200 83 15 37 3,260 372 222 200 83 37 3 88 51 28 24 17 15,17.245065900002373,0.0192435926957205,0.0308352804767099,0.0545606192017468,-0.1287990115796888,0.0
emotion,HCAKC,InternVL2,texto,2000,6,581 695 159 275 224 66,66 581 695 275 224 159,24.210267499998736,0.0061415918582952,0.0052276464621893,0.0092871692222534,-0.0099437394961569,0.0
bbc_news,HCAKC,InternVL2,texto,2119,5,342 503 502 369 403,503 502 403 369 342,18.02798769999936,0.3570600447556587,0.420309208789678,0.4216837902383566,0.0545875640909792,0.0
goemotions,HCAKC,InternVL2,texto,4543,28,346 185 129 193 234 85 97 175 56 88 194 76 23 55 65 257 2 92 156 12 107 7 89 7 44 102 87 1580,194 1580 175 257 234 346 89 156 129 7 2 185 92 97 7 88 87 55 44 23 107 193 85 12 102 65 76 56,192.41048099999887,0.00030964415488,0.0048665348372095,0.03396652160391,-0.1106336957522702,0.0
patent,HCAKC,InternVL2,texto,4987,9,752 648 394 44 156 357 1106 1032 498,1106 1032 752 498 394 648 357 156 44,106.120150200004,0.0993172047907176,0.1422107081373951,0.1450430754360115,0.0191057092782577,0.0
tweeteval_emoji,HCAKC,InternVL2,texto,4995,20,1056 520 503 308 242 238 204 199 176 171 159 143 129 153 129 148 137 121 129 130,1056 520 503 176 199 308 238 129 129 242 121 204 159 148 143 171 153 129 130 137,157.7176943000013,0.0035508762492438,0.006726538667555,0.0203358279776945,-0.084070222258725,0.0
trec,HCAKC,InternVL2,texto,5871,6,93 1339 1286 1280 904 969,1339 1280 969 1286 93 904,161.81324699999823,0.0441711650628181,0.0619607083797607,0.0631822697510563,-0.0102356185935608,0.0
20ng,HCAKC,InternVL2,texto,7276,20,310 384 379 381 371 382 374 371 384 380 389 380 382 380 377 383 353 369 303 244,384 384 380 383 389 380 381 382 310 380 382 374 379 244 371 353 369 371 377 303,371.5238366999984,0.0461660244303664,0.1014684169730206,0.1090039076339627,-0.1261304428396084,0.0
ag_news,HCAKC,InternVL2,texto,7600,4,1900 1900 1900 1900,1900 1900 1900 1900,234.35138500000176,0.4338917422641162,0.4368587128533726,0.4370993702366877,0.1142498680563471,0.0
reuters_r10,HCAKC,InternVL2,texto,7948,10,3909 2285 365 312 298 257 145 143 122 112,312 3909 2285 365 298 257 145 143 122 112,175.32739969999966,0.2726209364918346,0.3106315548869243,0.3131217506615832,0.128850252863731,0.0
sst5,HCAKC,InternVL2,texto,8503,5,1089 2207 1607 2315 1285,2315 2207 1607 1089 1285,511.1400920000015,0.0002671203488603,0.0003140180467041,0.0009143869393682,-0.0317721122675087,0.0
meld_e,HCAKC,InternVL2,texto,9958,7,2949 1676 1486 1239 994 830 784,1676 784 2949 1486 830 1239 994,457.40012070000375,0.0278395823855317,0.05389106675605,0.0548216060830879,0.0017734878258708,0.0
liar,HCAKC,InternVL2,texto,9990,6,1318 2874 1569 1614 1490 1125,2874 1614 1569 1125 1490 1318,516.8997438999941,0.0116630293723209,0.0157547427915637,0.0164629645799351,-0.0221161303565504,0.0
dbpedia14,HCAKC,InternVL2,texto,9994,14,714 713 713 714 714 714 714 714 714 714 714 714 714 714,713 714 714 714 714 714 714 714 714 714 714 714 714 713,415.7016092000049,0.4700683465931774,0.6302642449872337,0.6314533364941146,0.011523196260159,0.0
yahoo,HCAKC,InternVL2,texto,9995,10,1000 997 1000 1000 999 1000 1000 999 1000 1000,1000 1000 1000 1000 999 1000 1000 1000 999 997,471.0321765000044,0.0828355289806693,0.1170658733466798,0.1186227982272091,-0.0722594920900545,0.0
scotus,K-MedoidsSC,InternVL2,texto,1400,13,372 222 88 51 28 17 24 260 200 83 15 37 3,372 222 88 51 28 17 24 260 200 83 15 37 3,3.155595799995353,0.0548858285454708,0.034358903482525,0.0579979832387115,-0.093005483904736,0.0
emotion,K-MedoidsSC,InternVL2,texto,2000,6,581 695 159 275 224 66,581 695 159 275 224 66,3.341508999998041,-0.0041499056157971,0.0014657578040687,0.0055406322901575,-0.0679922094480744,0.0
bbc_news,K-MedoidsSC,InternVL2,texto,2119,5,342 503 502 369 403,342 503 502 369 403,5.688946700000088,0.0361513404519385,0.0536823518403584,0.0559262906840332,-0.0415901486901325,0.0
goemotions,K-MedoidsSC,InternVL2,texto,4543,28,346 185 129 193 234 85 97 175 56 88 194 76 23 55 65 257 2 92 156 12 107 7 89 7 44 102 87 1580,346 185 129 193 234 85 97 175 56 88 194 76 23 55 65 257 2 92 156 12 107 7 89 7 44 102 87 1580,45.69472609999502,0.0472941498797266,0.0080463577242162,0.0370533591706841,-0.2022787372636581,0.0
patent,K-MedoidsSC,InternVL2,texto,4987,9,752 648 394 44 156 357 1106 1032 498,752 648 394 44 156 357 1106 1032 498,37.13578000000416,0.0136304503535514,0.0175838839521507,0.020827761332207,-0.0800678625321594,0.0
tweeteval_emoji,K-MedoidsSC,InternVL2,texto,4995,20,1056 520 503 308 242 238 204 199 176 171 159 143 129 153 129 148 137 121 129 130,1056 520 503 308 242 238 204 199 176 171 159 143 129 153 129 148 137 121 129 130,51.55354989999614,0.0029115472455824,0.0040705501166387,0.0177162303281774,-0.0881912196689476,0.0
trec,K-MedoidsSC,InternVL2,texto,5871,6,93 1339 1286 1280 904 969,93 1339 1286 1280 904 969,51.00971969999955,0.0070867101495873,0.0125130283393675,0.0137989829363809,-0.1374423033381739,0.0
20ng,K-MedoidsSC,InternVL2,texto,7276,20,310 384 379 381 371 382 374 371 384 380 389 380 382 380 377 383 353 369 303 244,310 384 379 381 371 382 374 371 384 380 389 380 382 380 377 383 353 369 303 244,123.15100240000174,0.0050948174073721,0.0172045029622203,0.0254466687685633,-0.1256785169738502,0.0
ag_news,K-MedoidsSC,InternVL2,texto,7600,4,1900 1900 1900 1900,1900 1900 1900 1900,70.62538889999996,0.0067687329240203,0.0074640212930442,0.0078881797004166,-0.0621921071580127,0.0
reuters_r10,K-MedoidsSC,InternVL2,texto,7948,10,3909 2285 365 312 298 257 145 143 122 112,3909 2285 365 312 298 257 145 143 122 112,142.91449219999777,0.3109637646318449,0.1514315762307631,0.1544968478113799,0.0993410330681832,0.0
sst5,K-MedoidsSC,InternVL2,texto,8503,5,1089 2207 1607 2315 1285,1089 2207 1607 2315 1285,84.18282639999961,0.0018861066944427,0.0017337960245714,0.002333312258953,-0.1399235569072144,0.0
meld_e,K-MedoidsSC,InternVL2,texto,9958,7,2949 1676 1486 1239 994 830 784,2949 1676 1486 1239 994 830 784,155.47618800000055,0.0115750629223256,0.0034695955704227,0.004449726609595,-0.0844887865568322,0.0
liar,K-MedoidsSC,InternVL2,texto,9990,6,1318 2874 1569 1614 1490 1125,1318 2874 1569 1614 1490 1125,166.2825584999955,0.001033246997471,0.0046274487302255,0.0053436772547657,-0.1344244988407102,0.0
dbpedia14,K-MedoidsSC,InternVL2,texto,9994,14,714 713 713 714 714 714 714 714 714 714 714 714 714 714,714 713 713 714 714 714 714 714 714 714 714 714 714 714,375.08609839999554,0.0269279706440093,0.0601710109523901,0.0631935551711889,-0.0625853938937244,0.0
yahoo,K-MedoidsSC,InternVL2,texto,9995,10,1000 997 1000 1000 999 1000 1000 999 1000 1000,1000 997 1000 1000 999 1000 1000 999 1000 1000,194.8642483000004,0.0292834086446045,0.0496336589854984,0.0513094906894461,-0.1330115685173424,0.0
scotus,MILP-KM,InternVL2,texto,1400,13,372 222 88 51 28 17 24 260 200 83 15 37 3,372 222 88 51 28 17 24 260 200 83 15 37 3,9.013207999996666,0.0600165522686859,0.1513379686471851,0.1721133783905643,0.0363020272869661,0.0
emotion,MILP-KM,InternVL2,texto,2000,6,581 695 159 275 224 66,581 695 159 275 224 66,7.557551500001864,0.0021428116474437,0.0224570646928705,0.0264462766776086,0.0684775621911445,0.0
bbc_news,MILP-KM,InternVL2,texto,2119,5,342 503 502 369 403,342 503 502 369 403,4.125367900000128,0.7629783844963011,0.7797852910885369,0.7803074712890604,0.2566750800086624,0.0
goemotions,MILP-KM,InternVL2,texto,4543,28,346 185 129 193 234 85 97 175 56 88 194 76 23 55 65 257 2 92 156 12 107 7 89 7 44 102 87 1580,346 185 129 193 234 85 97 175 56 88 194 76 23 55 65 257 2 92 156 12 107 7 89 7 44 102 87 1580,159.67937540000275,0.0054371969068847,0.0461652221856346,0.0740575405365968,0.0026349145360659,0.0
patent,MILP-KM,InternVL2,texto,4987,9,752 648 394 44 156 357 1106 1032 498,752 648 394 44 156 357 1106 1032 498,41.01464940000005,0.1057798863260764,0.1990232188344645,0.2016679947292511,0.1010752724787477,0.0
tweeteval_emoji,MILP-KM,InternVL2,texto,4995,20,1056 520 503 308 242 238 204 199 176 171 159 143 129 153 129 148 137 121 129 130,1056 520 503 308 242 238 204 199 176 171 159 143 129 153 129 148 137 121 129 130,133.2014326999997,0.0028601995618237,0.0244600103932367,0.0378263253800068,0.0256470930572501,0.0
trec,MILP-KM,InternVL2,texto,5871,6,93 1339 1286 1280 904 969,93 1339 1286 1280 904 969,38.684386100001575,0.1239937933356194,0.1495271687184398,0.1506346966944113,0.0691419319601621,0.0
20ng,MILP-KM,InternVL2,texto,7276,20,310 384 379 381 371 382 374 371 384 380 389 380 382 380 377 383 353 369 303 244,310 384 379 381 371 382 374 371 384 380 389 380 382 380 377 383 353 369 303 244,261.91405519999535,0.1995295087014828,0.3581742185204579,0.3635568586787459,0.0611771133003444,0.0
ag_news,MILP-KM,InternVL2,texto,7600,4,1900 1900 1900 1900,1900 1900 1900 1900,35.27658070000325,0.5805947189729541,0.5548455999850228,0.5550358358912225,0.1857481296670209,0.0
reuters_r10,MILP-KM,InternVL2,texto,7948,10,3909 2285 365 312 298 257 145 143 122 112,3909 2285 365 312 298 257 145 143 122 112,96.0915651999967,0.387854698822663,0.3214595219151028,0.3239106039793317,-0.1781819610517419,0.0
sst5,MILP-KM,InternVL2,texto,8503,5,1089 2207 1607 2315 1285,1089 2207 1607 2315 1285,55.70853999999963,0.0056310528360936,0.0074210441065423,0.0080171448215559,0.0382875378627952,0.0
meld_e,MILP-KM,InternVL2,texto,9958,7,2949 1676 1486 1239 994 830 784,2949 1676 1486 1239 994 830 784,131.51220949999697,0.040769208047404,0.0666298913126741,0.0675479014511443,0.0778145571383765,0.0
liar,MILP-KM,InternVL2,texto,9990,6,1318 2874 1569 1614 1490 1125,1318 2874 1569 1614 1490 1125,99.19930380000004,0.0176657580648754,0.0283202984462941,0.029019478585511,0.0563126602055606,0.0
dbpedia14,MILP-KM,InternVL2,texto,9994,14,714 713 713 714 714 714 714 714 714 714 714 714 714 714,714 713 713 714 714 714 714 714 714 714 714 714 714 714,192.34022900000127,0.4204416764212539,0.581992082742507,0.5833364203065132,0.1328380908194352,0.0
yahoo,MILP-KM,InternVL2,texto,9995,10,1000 997 1000 1000 999 1000 1000 999 1000 1000,1000 997 1000 1000 999 1000 1000 999 1000 1000,143.21005960000184,0.2186830092195237,0.2850282039837634,0.2862889519200944,0.0563237507525861,0.0
scotus,K-MeansPSO,InternVL2,texto,1400,13,372 222 88 51 28 17 24 260 200 83 15 37 3,372 222 88 51 28 17 24 260 200 83 15 37 3,7.876417500003299,-0.0007791134737542,0.0018956726548835,0.0263294585451044,-0.1328941372933204,0.0
emotion,K-MeansPSO,InternVL2,texto,2000,6,581 695 159 275 224 66,581 695 159 275 224 66,17.41582119999657,-0.0013456015032312,-0.0014591942594244,0.0026276165349379,-0.0296336095021352,0.0
bbc_news,K-MeansPSO,InternVL2,texto,2119,5,342 503 502 369 403,342 503 502 369 403,18.10951849999401,0.0031566830829299,0.0036537656617582,0.0060163338980461,-0.0228815953094667,0.0
goemotions,K-MeansPSO,InternVL2,texto,4543,28,346 185 129 193 234 85 97 175 56 88 194 76 23 55 65 257 2 92 156 12 107 7 89 7 44 102 87 1580,346 185 129 193 234 85 97 175 56 88 194 76 23 55 65 257 2 92 156 12 107 7 89 7 44 102 87 1580,78.06855240000004,-0.0045107387956513,0.002595249980176,0.0317616543296399,-0.1655652721912773,0.0
patent,K-MeansPSO,InternVL2,texto,4987,9,752 648 394 44 156 357 1106 1032 498,752 648 394 44 156 357 1106 1032 498,91.20924250000098,0.0012685639138327,0.0019086688816204,0.0052043048543587,-0.0320319381100334,0.0
tweeteval_emoji,K-MeansPSO,InternVL2,texto,4995,20,1056 520 503 308 242 238 204 199 176 171 159 143 129 153 129 148 137 121 129 130,1056 520 503 308 242 238 204 199 176 171 159 143 129 153 129 148 137 121 129 130,81.25026020000223,-0.0020782394349625,-0.0002124336095359,0.0134919297007759,-0.0632075291592409,0.0
trec,K-MeansPSO,InternVL2,texto,5871,6,93 1339 1286 1280 904 969,93 1339 1286 1280 904 969,127.47665550000238,0.0001126360441572,0.0003540801556821,0.0016558687391281,-0.0133560766538879,0.0
20ng,K-MeansPSO,InternVL2,texto,7276,20,310 384 379 381 371 382 374 371 384 380 389 380 382 380 377 383 353 369 303 244,310 384 379 381 371 382 374 371 384 380 389 380 382 380 377 383 353 369 303 244,182.70082769999863,0.0002481747407049,0.0007225938103133,0.0091029843322198,-0.0403886770086223,0.0
ag_news,K-MeansPSO,InternVL2,texto,7600,4,1900 1900 1900 1900,1900 1900 1900 1900,223.5051284000001,0.0015332403408121,0.0016265292654232,0.0020531823141735,-0.0108075475505343,0.0
reuters_r10,K-MeansPSO,InternVL2,texto,7948,10,3909 2285 365 312 298 257 145 143 122 112,3909 2285 365 312 298 257 145 143 122 112,296.5237429999979,0.0061253528387864,0.0023237905186771,0.0059276820210225,-0.0324919564795621,0.0
sst5,K-MeansPSO,InternVL2,texto,8503,5,1089 2207 1607 2315 1285,1089 2207 1607 2315 1285,273.11707440000464,-0.0003012055372173,-0.0001075949278522,0.0004930271676367,-0.0233862620223994,0.0
meld_e,K-MeansPSO,InternVL2,texto,9958,7,2949 1676 1486 1239 994 830 784,2949 1676 1486 1239 994 830 784,382.1661129999993,0.0013279874170679,-6.538513238520197e-05,0.0009182227142124,-0.0206425136171396,0.0
liar,K-MeansPSO,InternVL2,texto,9990,6,1318 2874 1569 1614 1490 1125,1318 2874 1569 1614 1490 1125,387.51886759999616,0.0001920488235199,0.0001417793331487,0.0008612355580808,-0.0130532851404871,0.0
dbpedia14,K-MeansPSO,InternVL2,texto,9994,14,714 713 713 714 714 714 714 714 714 714 714 714 714 714,714 713 713 714 714 714 714 714 714 714 714 714 714 714,335.5932831999962,0.2027871003463631,0.3951693633449507,0.3971145335466345,-0.0836604559171638,0.0
yahoo,K-MeansPSO,InternVL2,texto,9995,10,1000 997 1000 1000 999 1000 1000 999 1000 1000,1000 997 1000 1000 999 1000 1000 999 1000 1000,315.142577300001,0.0002925879006576,0.000567944486793,0.0023302963844652,-0.0318511935966125,0.0
scotus,SCK,InternVL2,texto,1400,13,372 222 88 51 28 17 24 260 200 83 15 37 3,372 222 88 51 28 17 24 260 200 83 15 37 3,1.395203499996569,0.0451700415245523,0.1264981831869096,0.1478816756555783,-0.0527641458830941,0.0
emotion,SCK,InternVL2,texto,2000,6,581 695 159 275 224 66,581 695 159 275 224 66,1.2798383999979706,0.0099313387519467,0.0161238262087597,0.020138883227972,-0.0375930781202649,0.0
bbc_news,SCK,InternVL2,texto,2119,5,342 503 502 369 403,342 503 502 369 403,1.0544404000029317,0.3854604746692531,0.4533731794843701,0.4546693585823029,0.1263219154985745,0.0
goemotions,SCK,InternVL2,texto,4543,28,346 185 129 193 234 85 97 175 56 88 194 76 23 55 65 257 2 92 156 12 107 7 89 7 44 102 87 1580,346 185 129 193 234 85 97 175 56 88 194 76 23 55 65 257 2 92 156 12 107 7 89 7 44 102 87 1580,26.0304929000049,0.0305385829425082,0.0330420237490082,0.0613180945454579,-0.0855291469623384,0.0
patent,SCK,InternVL2,texto,4987,9,752 648 394 44 156 357 1106 1032 498,752 648 394 44 156 357 1106 1032 498,5.907857899997907,0.1107770343430918,0.1881645451792985,0.1908451757442925,0.0453741115414293,0.0
tweeteval_emoji,SCK,InternVL2,texto,4995,20,1056 520 503 308 242 238 204 199 176 171 159 143 129 153 129 148 137 121 129 130,1056 520 503 308 242 238 204 199 176 171 159 143 129 153 129 148 137 121 129 130,15.629782799995157,0.0039294395647977,0.0254892122804975,0.0388414257063304,-0.0197837893866119,0.0
trec,SCK,InternVL2,texto,5871,6,93 1339 1286 1280 904 969,93 1339 1286 1280 904 969,5.442411199997878,0.1059274189955776,0.1236938401171184,0.1248350095371032,0.0194596445692187,0.0
20ng,SCK,InternVL2,texto,7276,20,310 384 379 381 371 382 374 371 384 380 389 380 382 380 377 383 353 369 303 244,310 384 379 381 371 382 374 371 384 380 389 380 382 380 377 383 353 369 303 244,26.45578540000133,0.0928306664435238,0.2381926162021239,0.2445814761314619,-0.0262106544483512,0.0
ag_news,SCK,InternVL2,texto,7600,4,1900 1900 1900 1900,1900 1900 1900 1900,4.68331130000297,0.1888317450940063,0.2133210517707353,0.2136572375584073,0.066290444843387,0.0
reuters_r10,SCK,InternVL2,texto,7948,10,3909 2285 365 312 298 257 145 143 122 112,3909 2285 365 312 298 257 145 143 122 112,13.216057999998156,0.2951756505196208,0.2391414841611947,0.2418899224958566,-0.2220660937182719,0.0
sst5,SCK,InternVL2,texto,8503,5,1089 2207 1607 2315 1285,1089 2207 1607 2315 1285,6.805933700001333,0.0058658564393281,0.0064846119595526,0.0070812750558952,0.0090304699765205,0.0
meld_e,SCK,InternVL2,texto,9958,7,2949 1676 1486 1239 994 830 784,2949 1676 1486 1239 994 830 784,15.304908899997828,0.0246273408309743,0.04098609439408,0.0419293263232857,0.0291058068887253,0.0
liar,SCK,InternVL2,texto,9990,6,1318 2874 1569 1614 1490 1125,1318 2874 1569 1614 1490 1125,13.341400500001328,0.0130744774975534,0.0140921603074921,0.0148015784207953,0.0304122462638078,0.0
dbpedia14,SCK,InternVL2,texto,9994,14,714 713 713 714 714 714 714 714 714 714 714 714 714 714,714 713 713 714 714 714 714 714 714 714 714 714 714 714,17.67026700000133,0.2123477471117143,0.3565399558521149,0.3586093604556462,0.0234672150992874,0.0
yahoo,SCK,InternVL2,texto,9995,10,1000 997 1000 1000 999 1000 1000 999 1000 1000,1000 997 1000 1000 999 1000 1000 999 1000 1000,9.956577100005234,0.1490381123640213,0.2124286287852912,0.213817395428262,0.0043925015578427,0.0
